account_id,account_name,plan_tier,industry,country,referral_source,seats,signup_date,tenure_months,is_churned,first_churn_date,total_lifetime_mrr,ltv_realized,lifetime_features,lifetime_events,lifetime_errors,total_tickets,total_escalations,avg_resolution_hrs,avg_satisfaction,early_churn_flag,usage_days_60d,events_60d,features_60d,error_rate,tenure_norm_usage,usage_trend,tickets_60d,escalations_60d,satisfaction_60d,churn_risk_score,risk_tier
A-2e4581,Company_0,Basic,EdTech,US,partner,9,2024-10-16,1.25,True,2024-11-23,19468,15574.0,24,399,27,2.0,0.0,23.0,3.0,1,5.0,69.0,5.0,0.11428571428571428,30.68907071887785,1.3333333333333333,0.0,0.0,4.0,,
A-43a9e3,Company_1,Basic,FinTech,IN,other,18,2023-08-17,16.49,False,,124440,99552.0,23,355,14,3.0,0.0,38.0,4.0,0,3.0,27.0,2.0,0.07142857142857142,1.543610547667343,0.3333333333333333,0.0,0.0,4.0,0.14,Low
A-0a282f,Company_2,Basic,DevTools,US,organic,1,2024-08-27,1.31,True,2024-10-06,44356,35485.0,33,741,43,3.0,0.0,43.67,4.67,1,15.0,139.0,12.0,0.05714285714285714,60.06757524134015,1.6666666666666667,0.0,0.0,4.0,,
A-ce550d,Company_4,Enterprise,HealthTech,US,event,35,2024-10-27,2.04,True,2024-12-28,77651,62121.0,30,523,29,7.0,1.0,42.29,3.8,1,6.0,63.0,7.0,0.078125,20.745564690610124,0.4,0.0,0.0,4.0,,
A-1b9609,Company_5,Enterprise,EdTech,IN,ads,4,2023-10-12,2.69,True,2024-01-02,119580,95664.0,28,424,18,4.0,0.0,43.0,3.0,1,9.0,132.0,8.0,0.007518796992481203,35.73532550693703,1.2,2.0,0.0,4.0,,
A-a0ca4e,Company_6,Pro,Cybersecurity,US,ads,11,2024-03-08,9.79,False,,72184,57747.0,24,333,13,6.0,3.0,39.17,3.8,0,4.0,33.0,4.0,0.029411764705882353,3.0584581658750456,0.6666666666666666,1.0,0.0,4.0,0.36,Low
A-e5d6ab,Company_7,Pro,EdTech,US,partner,3,2023-04-15,0.3,True,2023-04-24,125025,100020.0,26,344,22,3.0,0.0,42.67,,1,11.0,103.0,10.0,0.07692307692307693,79.49594320486815,1.0,0.0,0.0,4.0,,
A-7dacce,Company_8,Enterprise,Cybersecurity,CA,event,12,2024-09-10,0.26,True,2024-09-18,56064,44851.0,24,328,16,4.0,0.0,32.5,3.67,1,5.0,84.0,5.0,0.0,66.51821019771072,0.4,0.0,0.0,4.0,,
A-10b8da,Company_9,Enterprise,DevTools,US,partner,14,2023-05-08,19.81,False,,64369,51495.0,20,209,12,3.0,0.0,31.33,3.5,0,2.0,22.0,2.0,0.13043478260869565,1.0572114170245013,2.0,0.0,0.0,4.0,0.1,Low
A-592832,Company_10,Basic,Cybersecurity,US,organic,18,2024-09-25,0.3,True,2024-10-04,88214,70571.0,35,843,48,3.0,0.0,32.67,5.0,1,9.0,100.0,9.0,0.09900990099009901,77.18052738336715,4.0,0.0,0.0,4.0,,
A-d40bf7,Company_11,Basic,FinTech,IN,organic,59,2024-11-08,1.74,False,,67850,54280.0,22,354,13,2.0,0.0,20.5,5.0,1,4.0,37.0,4.0,0.0,13.498082454458295,0.0,1.0,0.0,5.0,0.69,High
A-956988,Company_14,Enterprise,EdTech,UK,ads,1,2024-11-30,0.26,True,2024-12-08,29407,23526.0,31,539,39,2.0,0.0,50.5,3.0,1,5.0,46.0,5.0,0.0425531914893617,36.426638917793966,0.5,1.0,0.0,3.0,,
A-ac14bb,Company_15,Enterprise,FinTech,US,partner,21,2023-09-08,11.7,True,2024-08-29,314734,251787.0,30,482,39,2.0,0.0,24.5,4.0,0,6.0,67.0,6.0,0.19117647058823528,5.277611013352655,0.8,0.0,0.0,4.0,,
A-463db0,Company_16,Basic,HealthTech,US,partner,15,2024-12-05,0.85,False,,13266,10613.0,25,367,13,6.0,1.0,50.17,4.25,1,5.0,46.0,4.0,0.0425531914893617,24.809355067328138,0.5,1.0,0.0,4.0,0.83,High
A-ce66f8,Company_17,Pro,EdTech,CA,event,29,2023-08-23,16.29,False,,79413,63530.0,29,494,19,6.0,0.0,41.67,3.5,0,4.0,39.0,4.0,0.025,2.255071803054479,0.6666666666666666,1.0,0.0,4.0,0.21,Low
A-c4ea60,Company_18,Enterprise,FinTech,DE,other,18,2023-03-09,21.78,False,,69696,55757.0,27,377,18,5.0,0.0,36.0,3.6,0,2.0,29.0,2.0,0.0,1.2730156898938625,2.0,0.0,0.0,4.0,0.07,Low
A-684255,Company_20,Enterprise,FinTech,US,ads,9,2024-04-14,2.63,True,2024-07-03,60193,48154.0,31,527,33,4.0,1.0,14.25,4.67,1,2.0,16.0,2.0,0.058823529411764705,4.409996378123868,0.0,0.0,0.0,4.0,,
A-c42f1f,Company_21,Pro,HealthTech,US,other,8,2024-07-28,5.12,False,,15566,12453.0,24,337,20,9.0,1.0,31.33,4.0,0,0.0,0.0,0.0,0.0,0.0,0.0,0.0,0.0,4.0,0.35,Low
A-4e44e8,Company_22,Enterprise,DevTools,US,ads,3,2024-08-20,0.16,True,2024-08-25,58241,46593.0,32,511,22,3.0,0.0,31.33,3.33,1,2.0,21.0,2.0,0.0,18.0372460496614,2.0,0.0,0.0,4.0,,
A-30b4ca,Company_23,Basic,EdTech,IN,organic,86,2024-05-20,3.42,True,2024-09-01,568890,455112.0,26,384,20,3.0,0.0,57.67,4.0,0,4.0,40.0,5.0,0.0,9.056828324903304,0.25,0.0,0.0,4.0,,
A-9f2731,Company_24,Enterprise,FinTech,IN,event,1,2024-10-04,0.36,True,2024-10-15,7226,5781.0,11,122,5,0.0,0.0,,,1,2.0,19.0,2.0,0.0,13.956563706563708,0.0,0.0,0.0,4.0,,
A-32fb14,Company_25,Enterprise,DevTools,US,event,26,2023-03-07,5.42,True,2023-08-19,47800,38240.0,26,444,16,5.0,0.0,34.0,4.5,0,11.0,189.0,12.0,0.005263157894736842,29.436962750716333,1.6,0.0,0.0,4.0,,
A-35083d,Company_27,Basic,HealthTech,IN,partner,19,2023-04-28,20.14,False,,234308,187446.0,28,626,31,4.0,0.0,49.75,5.0,0,5.0,55.0,6.0,0.0,2.60195200795723,2.0,0.0,0.0,4.0,0.09,Low
A-eb7fac,Company_28,Enterprise,DevTools,US,organic,7,2023-10-28,8.8,True,2024-07-22,394592,315674.0,27,538,44,4.0,0.0,34.0,4.0,0,6.0,73.0,7.0,0.0945945945945946,7.445784747352902,1.3333333333333333,0.0,0.0,4.0,,
A-b20d99,Company_29,Basic,HealthTech,IN,other,20,2023-09-27,5.22,True,2024-03-04,76212,60970.0,22,329,12,2.0,0.0,61.5,3.5,0,3.0,34.0,3.0,0.02857142857142857,5.463260135135135,0.3333333333333333,0.0,0.0,4.0,,
A-396e5f,Company_30,Enterprise,Cybersecurity,CA,other,2,2024-10-02,1.94,True,2024-11-30,26237,20990.0,26,464,20,5.0,1.0,24.8,4.0,1,6.0,58.0,6.0,0.0,19.739713774597497,0.75,0.0,0.0,4.0,,
A-45ce7a,Company_31,Enterprise,FinTech,US,ads,16,2023-07-23,17.31,False,,54788,43830.0,21,403,28,5.0,0.0,45.4,3.67,0,1.0,14.0,1.0,0.0,0.7644948335246843,1.0,1.0,0.0,4.0,0.18,Low
A-08e34e,Company_32,Basic,EdTech,US,event,14,2024-06-27,0.53,True,2024-07-13,62379,49903.0,27,509,29,3.0,0.0,43.0,3.0,1,7.0,82.0,7.0,0.03614457831325301,53.74849267872524,0.5,1.0,0.0,3.0,,
A-bad8c1,Company_34,Basic,FinTech,AU,organic,7,2023-03-01,22.04,False,,103521,82817.0,20,239,5,1.0,0.0,27.0,4.0,0,2.0,25.0,2.0,0.0,1.0849110401459854,2.0,0.0,0.0,4.0,0.05,Low
A-44dc83,Company_35,Basic,EdTech,FR,other,5,2024-05-12,6.6,True,2024-11-29,3192,2554.0,6,89,4,7.0,0.0,40.86,4.6,0,0.0,0.0,0.0,0.0,0.0,0.0,0.0,0.0,4.0,,
A-a45270,Company_37,Enterprise,HealthTech,US,ads,3,2024-06-24,4.63,True,2024-11-12,103695,82956.0,32,624,42,4.0,0.0,64.0,4.0,0,1.0,7.0,1.0,0.25,1.2428838077461501,1.0,1.0,0.0,4.0,,
A-854864,Company_38,Enterprise,FinTech,IN,event,20,2024-12-07,0.56,True,2024-12-24,14759,11807.0,17,248,10,5.0,0.0,44.2,4.8,1,3.0,31.0,3.0,0.03125,19.891231028667793,1.0,0.0,0.0,4.0,,
A-1b7577,Company_39,Pro,Cybersecurity,US,other,4,2024-10-27,2.14,False,,15205,12164.0,33,606,32,5.0,0.0,27.2,4.0,1,5.0,64.0,4.0,0.046153846153846156,20.412405699916178,1.0,0.0,0.0,4.0,0.76,High
A-05f0e5,Company_40,Basic,FinTech,US,partner,32,2023-05-04,8.38,True,2024-01-14,453061,362449.0,32,706,46,4.0,0.0,20.0,4.0,0,12.0,141.0,11.0,0.09154929577464789,15.036575112107624,1.1666666666666667,1.0,0.0,4.0,,
A-9077b0,Company_41,Basic,HealthTech,US,ads,2,2024-08-25,4.2,False,,6503,5202.0,19,289,17,3.0,0.0,40.33,4.33,0,2.0,27.0,2.0,0.0,5.1873264327190105,0.0,0.0,0.0,4.0,0.5,Medium
A-7f8241,Company_42,Pro,EdTech,US,organic,34,2023-03-14,21.62,False,,458058,366446.0,33,688,38,1.0,0.0,36.0,3.0,0,3.0,31.0,2.0,0.0,1.3706931613502993,0.3333333333333333,0.0,0.0,4.0,0.08,Low
A-2bc93d,Company_43,Basic,HealthTech,US,event,14,2023-03-14,4.89,True,2023-08-10,406104,324883.0,31,631,29,2.0,0.0,12.0,4.5,0,3.0,34.0,3.0,0.02857142857142857,5.767721801159162,1.0,0.0,0.0,4.0,,
A-f3ff05,Company_44,Enterprise,FinTech,IN,other,2,2024-07-06,3.48,True,2024-10-20,66985,53588.0,28,569,28,3.0,0.0,42.67,3.5,0,10.0,88.0,9.0,0.06741573033707865,19.63295221342715,1.2,0.0,0.0,4.0,,
A-2d4502,Company_45,Basic,FinTech,IN,event,7,2024-04-29,0.26,True,2024-05-07,103739,82991.0,27,428,17,3.0,0.0,26.33,5.0,1,4.0,44.0,4.0,0.044444444444444446,34.84287200832466,0.25,1.0,0.0,5.0,,
A-6a4e2d,Company_46,Pro,EdTech,UK,partner,9,2023-04-07,15.41,True,2024-07-19,151877,121502.0,27,532,28,2.0,1.0,18.5,4.5,0,7.0,81.0,6.0,0.0975609756097561,4.936809226333494,1.0,0.0,0.0,4.0,,
A-eb7c38,Company_47,Enterprise,DevTools,AU,organic,5,2024-02-25,0.85,True,2024-03-22,201874,161499.0,32,537,23,5.0,0.0,22.4,4.33,1,4.0,40.0,3.0,0.04878048780487805,21.57335223245925,0.6666666666666666,1.0,0.0,4.0,,
A-b2225d,Company_50,Basic,FinTech,US,ads,47,2024-03-08,0.76,True,2024-03-31,112953,90362.0,28,474,39,2.0,0.0,42.0,3.0,1,8.0,93.0,9.0,0.031914893617021274,52.97380239520958,1.2,1.0,0.0,3.0,,
A-94f8c9,Company_51,Basic,HealthTech,US,other,13,2024-03-29,1.12,True,2024-05-02,113078,90462.0,33,628,50,3.0,0.0,47.33,5.0,1,5.0,55.0,5.0,0.05357142857142857,25.98075729360646,1.0,0.0,0.0,4.0,,
A-02fac6,Company_52,Pro,FinTech,US,event,22,2023-04-06,16.52,True,2024-08-21,198630,158904.0,32,514,34,6.0,0.0,23.33,4.0,0,5.0,58.0,5.0,0.03389830508474576,3.3096880623875227,1.0,0.0,0.0,4.0,,
A-c1dfe1,Company_53,Pro,DevTools,DE,ads,26,2023-08-07,1.48,True,2023-09-21,191655,153324.0,24,375,30,3.0,0.0,50.33,4.0,1,8.0,79.0,8.0,0.0375,31.876458112407214,0.8,0.0,0.0,4.0,,
A-32728c,Company_54,Pro,DevTools,US,event,20,2023-01-03,0.72,True,2023-01-25,68832,55066.0,20,332,18,2.0,0.0,34.5,3.5,1,9.0,98.0,9.0,0.050505050505050504,56.88634630053395,2.3333333333333335,0.0,0.0,4.0,,
A-4c38bc,Company_55,Basic,HealthTech,UK,event,36,2024-03-09,9.76,False,,247140,197712.0,36,756,24,3.0,0.0,48.33,3.5,0,9.0,83.0,9.0,0.03571428571428571,7.715978499877841,2.3333333333333335,0.0,0.0,4.0,0.26,Low
A-1b707d,Company_56,Enterprise,Cybersecurity,US,organic,1,2023-07-14,17.61,False,,94756,75805.0,27,378,12,3.0,0.0,42.67,,0,4.0,46.0,4.0,0.06382978723404255,2.472000564931855,0.25,0.0,0.0,4.0,0.23,Low
A-6f8ad2,Company_57,Basic,EdTech,IN,organic,1,2024-07-09,5.75,False,,108121,86497.0,34,795,51,4.0,0.0,35.25,4.33,0,5.0,38.0,5.0,0.07692307692307693,5.630451713395638,1.0,2.0,0.0,5.0,0.37,Low
A-4d1e75,Company_58,Basic,DevTools,US,other,20,2024-08-21,0.49,True,2024-09-05,103678,82942.0,26,403,18,2.0,0.0,15.0,4.0,1,2.0,21.0,2.0,0.0,14.067781690140846,0.0,1.0,0.0,4.0,,
A-9ee962,Company_59,Basic,HealthTech,US,ads,9,2023-02-28,19.15,True,2024-10-03,99065,79252.0,20,359,14,3.0,0.0,37.0,4.0,0,0.0,0.0,0.0,0.0,0.0,0.0,0.0,0.0,4.0,,
A-94d3da,Company_61,Basic,HealthTech,US,other,41,2023-05-03,11.33,True,2024-04-12,258464,206771.0,22,279,19,6.0,0.0,26.83,3.5,0,5.0,59.0,4.0,0.03333333333333333,4.783613893032176,1.0,0.0,0.0,4.0,,
A-e351e1,Company_62,Enterprise,EdTech,US,other,33,2024-09-26,0.92,True,2024-10-24,9867,7894.0,15,203,12,4.0,0.0,17.0,3.75,1,4.0,78.0,5.0,0.0379746835443038,40.62833675564682,1.5,2.0,0.0,4.0,,
A-7e0a10,Company_64,Enterprise,FinTech,US,ads,46,2023-11-18,10.28,True,2024-09-26,305708,244566.0,34,511,35,5.0,0.0,39.4,4.0,0,3.0,27.0,3.0,0.21428571428571427,2.3930817610062896,0.3333333333333333,1.0,0.0,4.0,,
A-118d55,Company_65,Basic,Cybersecurity,US,organic,8,2024-10-22,1.12,True,2024-11-25,37736,30189.0,29,590,33,5.0,0.0,24.2,4.33,1,9.0,104.0,8.0,0.0380952380952381,49.12725015518312,0.5,2.0,0.0,4.0,,
A-526d93,Company_66,Basic,HealthTech,FR,organic,43,2024-04-14,2.86,True,2024-07-10,228635,182908.0,24,382,29,5.0,1.0,51.4,3.5,1,7.0,114.0,6.0,0.008695652173913044,29.548365122615806,0.5,0.0,0.0,4.0,,
A-f92792,Company_67,Pro,FinTech,US,ads,1,2024-07-04,5.91,False,,81918,65534.0,26,356,23,2.0,0.0,45.0,4.0,0,4.0,44.0,4.0,0.06666666666666667,6.364569473484129,1.5,1.0,0.0,4.0,0.49,Medium
A-2922b6,Company_70,Basic,HealthTech,US,organic,15,2024-11-14,1.35,True,2024-12-25,10669,8535.0,27,393,13,2.0,0.0,15.5,4.0,1,5.0,55.0,5.0,0.07142857142857142,23.435050391937292,1.0,1.0,0.0,4.0,,
A-9b9fe9,Company_71,Basic,EdTech,AU,other,5,2023-09-28,2.96,True,2023-12-27,76340,61072.0,28,473,19,4.0,0.0,33.5,4.0,1,10.0,103.0,9.0,0.028846153846153848,26.03221521089339,0.5714285714285714,2.0,0.0,3.5,,
A-a8b49c,Company_72,Basic,Cybersecurity,UK,partner,7,2023-10-06,8.38,True,2024-06-17,70200,56160.0,26,459,41,1.0,0.0,72.0,4.0,0,6.0,43.0,6.0,0.06818181818181818,4.585622197309418,1.3333333333333333,0.0,0.0,4.0,,
A-9174e0,Company_73,Basic,Cybersecurity,US,partner,37,2024-12-04,0.89,False,,53976,43181.0,34,621,54,2.0,0.0,39.0,5.0,1,4.0,37.0,4.0,0.10526315789473684,19.607938718662954,0.6666666666666666,0.0,0.0,4.0,0.69,High
A-a1bbb6,Company_74,Basic,DevTools,CA,organic,1,2023-04-05,20.89,False,,257986,206389.0,21,346,20,3.0,0.0,17.67,4.0,0,4.0,52.0,4.0,0.0,2.375127543364744,4.0,0.0,0.0,4.0,0.05,Low
A-c45b23,Company_75,Basic,FinTech,UK,partner,5,2023-12-08,12.78,False,,31653,25322.0,28,439,25,3.0,0.0,36.67,3.0,0,1.0,13.0,1.0,0.0,0.9434484074003434,1.0,1.0,0.0,4.0,0.17,Low
A-02cd81,Company_76,Basic,HealthTech,IN,other,44,2024-03-28,1.08,True,2024-04-30,219076,175261.0,28,506,18,3.0,1.0,17.33,4.5,1,7.0,81.0,7.0,0.036585365853658534,38.865699873896595,0.6,1.0,0.0,4.0,,
A-ee42db,Company_77,Enterprise,EdTech,DE,ads,13,2023-04-25,1.94,True,2023-06-23,96145,76916.0,25,332,23,4.0,0.0,33.75,3.0,1,11.0,107.0,10.0,0.1111111111111111,36.416368515205725,0.5,1.0,0.0,4.0,,
A-432483,Company_78,Pro,Cybersecurity,US,ads,4,2023-02-06,22.8,False,,304127,243302.0,25,435,28,1.0,0.0,51.0,,0,5.0,66.0,6.0,0.04477611940298507,2.7732317376180227,0.2,0.0,0.0,4.0,0.17,Low
A-9208f0,Company_79,Pro,EdTech,US,organic,1,2023-05-11,6.27,True,2023-11-18,66612,53290.0,24,368,19,8.0,1.0,41.25,3.33,0,8.0,79.0,6.0,0.0375,10.859645953757227,2.0,1.0,0.0,4.0,,
A-98a59a,Company_80,Enterprise,FinTech,UK,partner,56,2023-08-04,13.27,True,2024-09-11,261464,209171.0,22,377,18,3.0,0.0,37.33,4.5,0,3.0,31.0,3.0,0.0,2.1720836018782803,0.0,1.0,0.0,5.0,,
A-726cfa,Company_82,Pro,DevTools,US,partner,11,2023-07-01,13.27,True,2024-08-08,267579,214063.0,39,813,36,3.0,0.0,35.67,4.0,0,5.0,69.0,6.0,0.04285714285714286,4.834637694503269,1.0,1.0,0.0,4.0,,
A-c43359,Company_83,Pro,FinTech,US,organic,38,2024-11-16,0.85,True,2024-12-12,14896,11917.0,23,338,23,3.0,0.0,26.67,4.0,1,4.0,72.0,4.0,0.1917808219178082,38.832034018426654,0.2,0.0,0.0,4.0,,
A-271f46,Company_84,Pro,DevTools,US,event,38,2023-02-09,0.76,True,2023-03-04,114904,91923.0,19,263,13,1.0,0.0,36.0,,1,1.0,15.0,1.0,0.125,8.544161676646707,1.0,1.0,0.0,4.0,,
A-157070,Company_85,Pro,FinTech,US,ads,16,2023-11-09,1.91,True,2024-01-06,176553,141242.0,37,645,23,3.0,1.0,42.33,3.0,1,4.0,36.0,4.0,0.05405405405405406,12.39077340569878,0.6666666666666666,2.0,0.0,3.0,,
A-91e948,Company_88,Basic,EdTech,AU,partner,41,2023-01-29,23.06,False,,144894,115915.0,21,365,15,0.0,0.0,,,0,1.0,11.0,1.0,0.0,0.45715690022390915,1.0,0.0,0.0,4.0,0.05,Low
A-104f1a,Company_89,Pro,Cybersecurity,US,other,24,2024-08-17,0.66,True,2024-09-06,33359,26687.0,25,372,19,5.0,1.0,33.2,3.75,1,6.0,80.0,6.0,0.06172839506172839,48.2791435368755,1.6666666666666667,0.0,0.0,4.0,,
A-7988d1,Company_90,Basic,Cybersecurity,US,other,33,2023-12-20,0.56,True,2024-01-06,57222,45778.0,25,324,14,3.0,0.0,35.33,4.33,1,11.0,112.0,11.0,0.04424778761061947,71.86509274873525,0.7142857142857143,2.0,0.0,4.0,,
A-faa28c,Company_91,Enterprise,HealthTech,US,organic,48,2024-01-30,3.78,True,2024-05-24,336743,269394.0,23,508,24,4.0,1.0,52.25,4.67,0,6.0,78.0,7.0,0.08860759493670886,16.325082508250823,0.16666666666666666,0.0,0.0,4.0,,
A-f25509,Company_92,Enterprise,EdTech,US,other,32,2024-03-22,2.79,True,2024-06-15,97144,77715.0,12,142,8,6.0,0.0,42.67,4.67,1,0.0,0.0,0.0,0.0,0.0,0.0,2.0,0.0,5.0,,
A-3a7284,Company_93,Enterprise,FinTech,US,organic,31,2024-11-17,1.28,True,2024-12-26,50836,40669.0,32,583,29,3.0,0.0,56.33,3.5,1,7.0,89.0,8.0,0.0,39.01440092165899,1.0,0.0,0.0,4.0,,
A-65a46c,Company_95,Pro,HealthTech,US,event,1,2023-11-04,13.9,False,,202713,162170.0,22,321,19,8.0,0.0,45.12,4.0,0,4.0,45.0,3.0,0.021739130434782608,3.02090684544813,1.5,1.0,0.0,5.0,0.19,Low
A-8b25f2,Company_96,Pro,Cybersecurity,US,ads,6,2024-02-17,10.45,False,,53603,42882.0,26,488,17,2.0,0.0,35.5,4.0,0,4.0,51.0,3.0,0.0,4.455401216852255,0.6666666666666666,0.0,0.0,4.0,0.34,Low
A-fabe19,Company_97,Enterprise,DevTools,UK,ads,1,2024-11-11,1.64,False,,27661,22129.0,16,234,13,3.0,0.0,40.67,4.0,1,2.0,19.0,2.0,0.0,7.189955246146197,0.5,0.0,0.0,4.0,0.68,High
A-adc1f3,Company_98,Pro,Cybersecurity,US,organic,2,2024-08-05,4.86,False,,47702,38162.0,23,300,26,3.0,0.0,47.33,3.5,0,3.0,25.0,3.0,0.0,4.264738847791975,1.0,0.0,0.0,4.0,0.39,Low
A-503d5a,Company_99,Enterprise,FinTech,US,other,4,2023-10-21,14.36,False,,83185,66548.0,27,413,17,9.0,0.0,36.56,4.0,0,4.0,51.0,4.0,0.11538461538461539,3.3211535170289235,1.5,1.0,0.0,4.0,0.32,Low
A-fd7ad3,Company_100,Enterprise,Cybersecurity,US,event,1,2024-11-01,0.36,True,2024-11-12,4723,3778.0,26,415,24,8.0,1.0,48.75,4.17,1,5.0,95.0,6.0,0.08333333333333333,69.78281853281854,0.5,4.0,0.0,5.0,,
A-186a44,Company_101,Enterprise,HealthTech,US,ads,20,2023-08-07,16.82,False,,75106,60085.0,27,372,8,7.0,0.0,38.29,3.5,0,2.0,24.0,2.0,0.08,1.3468033330875304,0.0,1.0,0.0,4.0,0.26,Low
A-e888d1,Company_102,Pro,Cybersecurity,US,other,14,2023-03-28,2.3,True,2023-06-06,123404,98723.0,30,426,27,5.0,1.0,43.0,4.0,1,10.0,104.0,10.0,0.0761904761904762,31.518916766228593,0.5714285714285714,1.0,0.0,4.0,,
A-69fad4,Company_103,Basic,FinTech,UK,ads,6,2023-04-06,14.39,True,2024-06-17,87039,69631.0,20,317,16,4.0,0.0,43.0,3.67,0,1.0,7.0,1.0,0.0,0.4548714883442917,1.0,0.0,0.0,4.0,,
A-9289f6,Company_104,Enterprise,EdTech,US,event,1,2023-05-31,2.79,True,2023-08-24,96803,77442.0,30,493,29,6.0,0.0,37.5,4.33,1,6.0,65.0,6.0,0.045454545454545456,17.13963963963964,2.5,0.0,0.0,4.0,,
A-f19409,Company_105,Basic,DevTools,US,other,23,2023-03-16,0.33,True,2023-03-26,285848,228678.0,32,605,29,3.0,0.0,6.33,4.0,1,7.0,73.0,7.0,0.02702702702702703,54.948565776458956,1.6666666666666667,2.0,0.0,4.0,,
A-22f2df,Company_106,Basic,DevTools,US,ads,3,2024-12-14,0.56,False,,7451,5961.0,24,372,15,5.0,0.0,44.8,5.0,1,4.0,29.0,4.0,0.16666666666666666,18.607925801011806,0.6666666666666666,0.0,0.0,4.0,0.72,High
A-039727,Company_107,Pro,EdTech,AU,organic,25,2024-11-02,1.64,True,2024-12-22,49770,39816.0,32,705,30,0.0,0.0,,,1,4.0,45.0,5.0,0.021739130434782608,17.02884137245152,1.5,0.0,0.0,4.0,,
A-2e3bad,Company_108,Pro,FinTech,CA,other,61,2023-08-13,7.56,True,2024-03-30,399794,319835.0,23,365,20,5.0,0.0,31.4,3.5,0,3.0,32.0,3.0,0.18181818181818182,3.7401320841652588,0.3333333333333333,0.0,0.0,4.0,,
A-484819,Company_109,Pro,HealthTech,US,organic,18,2023-02-21,4.2,True,2023-06-29,234902,187922.0,22,336,20,5.0,0.0,33.2,4.5,0,4.0,38.0,4.0,0.02564102564102564,7.300681646048977,0.0,1.0,0.0,4.0,,
A-425e76,Company_110,Enterprise,DevTools,UK,other,8,2023-05-17,2.79,True,2023-08-10,148978,119182.0,29,438,24,5.0,1.0,48.2,3.33,1,8.0,80.0,8.0,0.012345679012345678,21.094941094941095,1.25,0.0,0.0,4.0,,
A-ad296b,Company_112,Pro,DevTools,AU,event,38,2024-07-15,5.55,False,,74974,59979.0,21,239,11,3.0,1.0,28.33,3.67,0,2.0,13.0,2.0,0.07142857142857142,1.9841556357801846,0.5,0.0,0.0,4.0,0.38,Low
A-e51ec7,Company_113,Enterprise,FinTech,CA,partner,2,2023-09-23,3.75,True,2024-01-15,126341,101073.0,16,255,11,3.0,0.0,37.0,5.0,0,6.0,96.0,5.0,0.08247422680412371,20.23151481584049,0.75,0.0,0.0,4.0,,
A-0aaf6e,Company_114,Enterprise,FinTech,US,organic,3,2024-05-11,7.69,False,,36919,29535.0,24,489,33,5.0,0.0,45.0,4.0,0,6.0,58.0,6.0,0.06779661016949153,6.676448343669641,1.3333333333333333,0.0,0.0,4.0,0.47,Medium
A-e61e98,Company_115,Enterprise,FinTech,US,partner,19,2023-10-20,11.99,True,2024-10-19,107072,85658.0,30,459,23,6.0,1.0,30.33,4.6,0,6.0,58.0,6.0,0.03389830508474576,4.46469755209387,0.16666666666666666,0.0,0.0,4.0,,
A-92a333,Company_116,Enterprise,FinTech,US,event,9,2023-03-24,21.29,False,,148666,118933.0,22,364,30,4.0,1.0,23.25,,0,4.0,47.0,4.0,0.08333333333333333,2.1087789635045104,0.25,0.0,0.0,4.0,0.18,Low
A-95b24a,Company_117,Pro,FinTech,US,event,38,2023-06-06,18.86,False,,340218,272174.0,29,476,23,5.0,0.0,21.2,4.25,0,4.0,30.0,4.0,0.0967741935483871,1.5108199324995037,0.0,0.0,0.0,4.0,0.14,Low
A-42e5e1,Company_118,Pro,DevTools,US,ads,1,2024-07-09,5.75,False,,18483,14786.0,20,338,28,3.0,0.0,29.0,4.0,0,2.0,22.0,2.0,0.17391304347826086,3.259735202492212,0.0,0.0,0.0,4.0,0.5,Medium
A-7d514c,Company_119,Enterprise,HealthTech,DE,organic,17,2024-02-03,10.91,False,,131713,105370.0,26,424,29,3.0,0.0,33.33,5.0,0,3.0,22.0,3.0,0.08695652173913043,1.8476989294779826,0.3333333333333333,1.0,0.0,4.0,0.36,Low
A-65aeb5,Company_120,Pro,DevTools,US,partner,9,2024-01-25,1.08,True,2024-02-27,217903,174322.0,30,521,40,2.0,0.0,42.5,5.0,1,4.0,38.0,4.0,0.15384615384615385,18.233291298865073,4.0,0.0,0.0,4.0,,
A-e2cd1b,Company_121,Enterprise,DevTools,US,other,15,2024-02-04,10.87,False,,59050,47240.0,27,367,11,5.0,0.0,37.8,4.0,0,2.0,13.0,2.0,0.0,1.0948428508189465,2.0,0.0,0.0,4.0,0.16,Low
A-180abf,Company_122,Pro,DevTools,US,event,64,2023-08-14,3.68,True,2023-12-04,203328,162662.0,25,403,27,3.0,0.0,36.33,3.0,0,12.0,136.0,11.0,0.10948905109489052,29.063746138725083,0.8571428571428571,2.0,0.0,3.0,,
A-5a184f,Company_124,Enterprise,DevTools,DE,other,1,2023-06-19,1.12,True,2023-07-23,246847,197478.0,30,567,26,3.0,0.0,15.33,4.33,1,13.0,132.0,13.0,0.03759398496240601,62.3538175046555,0.4,1.0,0.0,5.0,,
A-7df7a7,Company_125,Basic,DevTools,US,organic,7,2023-01-28,17.38,True,2024-07-10,309208,247366.0,33,787,39,3.0,1.0,28.0,4.0,0,6.0,56.0,6.0,0.08771929824561403,3.047047047047047,0.75,0.0,0.0,4.0,,
A-1ac5e0,Company_126,Basic,DevTools,US,event,33,2024-10-20,2.37,False,,37125,29700.0,25,415,24,7.0,0.0,40.43,3.8,1,2.0,13.0,2.0,0.14285714285714285,3.8629441624365484,0.5,0.0,0.0,4.0,0.49,Medium
A-52dd88,Company_127,Pro,Cybersecurity,US,ads,23,2023-02-21,22.31,False,,119958,95966.0,27,479,29,1.0,0.0,72.0,,0,3.0,42.0,2.0,0.046511627906976744,1.8020974289580516,0.0,0.0,0.0,4.0,0.12,Low
A-bece89,Company_128,Pro,Cybersecurity,IN,event,26,2023-12-01,0.49,True,2023-12-16,180838,144670.0,16,176,13,4.0,1.0,32.5,4.0,1,1.0,9.0,1.0,0.0,6.029049295774648,1.0,1.0,1.0,4.0,,
A-029f69,Company_129,Basic,Cybersecurity,CA,event,3,2024-03-07,3.35,True,2024-06-17,73191,58553.0,36,704,41,2.0,0.0,42.0,3.0,0,10.0,108.0,8.0,0.09174311926605505,24.822712171549384,0.3333333333333333,1.0,0.0,3.0,,
A-5c046d,Company_130,Basic,EdTech,FR,partner,93,2024-07-06,5.85,False,,187767,150214.0,27,475,23,1.0,0.0,13.0,3.0,0,4.0,42.0,4.0,0.09302325581395349,6.1335636154289,1.5,0.0,0.0,4.0,0.37,Low
A-fb186e,Company_131,Basic,EdTech,IN,organic,29,2024-10-27,2.14,False,,5771,4617.0,2,18,1,6.0,0.0,26.17,3.67,1,0.0,0.0,0.0,0.0,0.0,0.0,0.0,0.0,4.0,0.57,Medium
A-ae052e,Company_132,Basic,FinTech,CA,other,39,2023-09-11,0.85,True,2023-10-07,36407,29126.0,15,158,8,4.0,0.0,31.25,4.0,1,5.0,64.0,5.0,0.015384615384615385,34.5173635719348,0.75,0.0,0.0,4.0,,
A-96e141,Company_134,Basic,DevTools,UK,partner,14,2023-08-12,11.33,True,2024-07-22,102492,81994.0,26,310,18,5.0,0.0,32.8,4.33,0,6.0,61.0,6.0,0.04838709677419355,4.945770296185809,0.4,0.0,0.0,4.0,,
A-117171,Company_135,Basic,HealthTech,FR,organic,45,2024-09-12,1.02,True,2024-10-13,30780,24624.0,13,156,6,6.0,1.0,32.5,3.67,1,1.0,10.0,1.0,0.0,4.954427083333334,0.0,1.0,0.0,4.0,,
A-671f31,Company_137,Basic,DevTools,US,ads,59,2024-11-24,1.22,False,,34397,27518.0,11,129,10,7.0,0.0,33.0,4.2,1,3.0,25.0,3.0,0.07692307692307693,11.284104389086597,0.3333333333333333,0.0,0.0,4.0,0.71,High
A-bbc346,Company_138,Enterprise,FinTech,US,partner,19,2024-08-29,2.07,True,2024-10-31,94412,75530.0,32,495,24,3.0,0.0,45.33,4.5,1,8.0,160.0,6.0,0.062111801242236024,52.12328767123287,1.0,2.0,0.0,5.0,,
A-c16101,Company_139,Basic,EdTech,IN,other,7,2024-09-06,3.42,True,2024-12-19,32650,26120.0,31,561,29,4.0,1.0,28.0,5.0,0,8.0,87.0,7.0,0.056818181818181816,19.698601606664685,0.8,1.0,1.0,4.0,,
A-50f3f7,Company_140,Basic,HealthTech,US,partner,31,2023-12-22,12.32,False,,217874,174299.0,28,576,37,6.0,1.0,37.83,5.0,0,9.0,83.0,8.0,0.10714285714285714,6.231550907655881,0.42857142857142855,0.0,0.0,4.0,0.36,Low
A-019782,Company_142,Enterprise,DevTools,FR,event,11,2023-04-19,20.43,False,,94346,75477.0,25,480,25,2.0,0.0,10.0,3.0,0,4.0,32.0,4.0,0.06060606060606061,1.492980197412789,0.6666666666666666,1.0,0.0,3.0,0.22,Low
A-8ae05d,Company_147,Enterprise,FinTech,IN,other,86,2024-04-06,4.8,True,2024-08-30,67854,54283.0,12,156,6,1.0,0.0,47.0,4.0,0,1.0,11.0,1.0,0.0,1.8977556109725686,1.0,0.0,0.0,4.0,,
A-b78bf8,Company_148,Pro,DevTools,US,event,33,2024-11-15,0.69,True,2024-12-06,31234,24987.0,23,402,10,5.0,0.0,24.2,4.2,1,3.0,30.0,3.0,0.06451612903225806,17.752721617418352,1.0,1.0,0.0,5.0,,
A-eafc6e,Company_149,Pro,DevTools,US,partner,27,2023-07-06,0.82,True,2023-07-31,158036,126429.0,16,194,11,1.0,0.0,64.0,,1,2.0,21.0,2.0,0.045454545454545456,11.530303030303031,0.5,1.0,0.0,4.0,,
A-37f969,Company_150,Enterprise,HealthTech,IN,partner,30,2023-10-14,3.98,True,2024-02-12,204846,163877.0,25,312,14,5.0,1.0,22.2,3.67,0,6.0,38.0,5.0,0.05128205128205128,7.638140517696777,0.16666666666666666,2.0,1.0,3.0,,
A-439b2f,Company_152,Enterprise,DevTools,US,ads,1,2024-02-21,8.9,True,2024-11-18,5564,4451.0,11,118,5,3.0,0.0,18.33,,0,0.0,0.0,0.0,0.0,0.0,0.0,0.0,0.0,4.0,,
A-ba6516,Company_154,Pro,FinTech,US,ads,27,2023-10-29,4.6,True,2024-03-17,203945,163156.0,26,498,28,6.0,0.0,31.5,4.0,0,7.0,57.0,7.0,0.034482758620689655,10.180004693733865,0.3333333333333333,0.0,0.0,4.0,,
A-712426,Company_155,Enterprise,HealthTech,US,other,9,2024-11-10,0.36,True,2024-11-21,14727,11782.0,30,619,30,6.0,0.0,37.33,4.4,1,4.0,35.0,4.0,0.05555555555555555,25.70945945945946,1.5,0.0,0.0,4.0,,
A-038089,Company_156,Pro,DevTools,FR,other,5,2023-12-19,10.09,True,2024-10-21,12394,9915.0,15,210,15,6.0,0.0,30.17,3.67,0,3.0,30.0,3.0,0.0,2.706258890469417,1.0,0.0,0.0,4.0,,
A-d5a319,Company_158,Enterprise,FinTech,US,other,15,2023-05-04,19.94,False,,263141,210513.0,29,505,26,1.0,1.0,17.0,4.0,0,5.0,49.0,5.0,0.02,2.33992218875502,5.0,0.0,0.0,4.0,0.05,Low
A-f97b9a,Company_159,Pro,FinTech,US,event,16,2023-07-09,17.77,False,,183219,146575.0,21,302,22,7.0,0.0,31.71,3.67,0,4.0,38.0,3.0,0.02564102564102564,2.0242195156096883,0.6666666666666666,1.0,0.0,4.0,0.2,Low
A-2f6a32,Company_160,Basic,HealthTech,US,organic,19,2024-08-26,4.17,False,,17200,13760.0,30,527,33,2.0,0.0,41.0,3.5,0,5.0,49.0,4.0,0.06,9.473831300813007,1.0,0.0,0.0,4.0,0.45,Medium
A-856b1e,Company_161,Basic,FinTech,US,partner,19,2023-10-31,14.03,False,,78645,62916.0,13,159,18,5.0,1.0,36.0,,0,1.0,9.0,1.0,0.4,0.5988982161594963,1.0,0.0,0.0,4.0,0.21,Low
A-17939a,Company_162,Basic,HealthTech,US,organic,1,2024-12-26,0.16,False,,9669,7735.0,24,397,38,7.0,0.0,38.0,4.5,1,1.0,11.0,1.0,0.16666666666666666,9.448081264108353,0.0,0.0,0.0,4.0,0.67,High
A-d27f50,Company_163,Enterprise,Cybersecurity,UK,ads,44,2024-07-20,5.39,False,,109263,87410.0,28,408,26,4.0,0.0,37.5,3.75,0,4.0,30.0,4.0,0.0,4.696564492902695,0.25,0.0,0.0,4.0,0.46,Medium
A-e36807,Company_164,Pro,EdTech,AU,other,6,2024-05-17,7.49,False,,44067,35254.0,25,380,19,2.0,0.0,41.0,4.5,0,5.0,43.0,5.0,0.0,5.06469586751277,0.5,0.0,0.0,4.0,0.4,Low
A-ff79f2,Company_165,Basic,DevTools,US,ads,8,2024-04-25,8.21,False,,80698,64558.0,24,362,10,2.0,0.0,50.0,,0,3.0,17.0,3.0,0.05555555555555555,1.845243189273998,0.0,0.0,0.0,4.0,0.28,Low
A-5b1bcd,Company_166,Pro,DevTools,US,organic,73,2023-09-16,10.71,True,2024-08-07,1318526,1054821.0,34,840,52,4.0,0.0,43.25,4.5,0,7.0,69.0,7.0,0.02857142857142857,5.892604645943217,0.6,0.0,0.0,4.0,,
A-71615e,Company_167,Basic,EdTech,US,organic,15,2024-05-18,1.94,True,2024-07-16,163735,130988.0,28,522,32,1.0,0.0,49.0,,1,4.0,36.0,4.0,0.02702702702702703,12.252236135957068,0.6666666666666666,0.0,0.0,4.0,,
A-794a0b,Company_168,Basic,HealthTech,DE,organic,23,2023-06-02,15.28,True,2024-09-09,79592,63674.0,21,237,19,0.0,0.0,,,0,3.0,18.0,3.0,0.10526315789473684,1.1059260455352817,1.0,0.0,0.0,4.0,,
A-86902e,Company_169,Enterprise,HealthTech,IN,other,34,2023-05-02,19.22,True,2024-12-07,304891,243913.0,29,446,23,9.0,0.0,40.89,3.5,0,5.0,60.0,6.0,0.13114754098360656,2.967632913037827,0.5,0.0,0.0,4.0,,
A-0532a9,Company_170,Pro,FinTech,IN,event,19,2024-09-25,0.46,True,2024-10-09,35143,28114.0,30,519,30,8.0,0.0,30.75,3.0,1,8.0,68.0,8.0,0.08695652173913043,46.57785778577858,1.25,1.0,0.0,4.0,,
A-f45426,Company_172,Basic,HealthTech,US,organic,9,2024-08-05,0.0,True,2024-08-05,33002,26402.0,28,468,35,3.0,0.0,17.0,4.0,1,9.0,85.0,8.0,0.046511627906976744,85.0,0.25,0.0,0.0,4.0,,
A-c1e51e,Company_173,Basic,FinTech,US,organic,3,2024-10-02,1.25,True,2024-11-09,41653,33322.0,28,518,36,5.0,0.0,40.0,3.2,1,6.0,60.0,6.0,0.0,26.686148451198132,0.75,2.0,0.0,3.0,,
A-fa3095,Company_174,Basic,FinTech,US,ads,70,2023-09-03,3.65,True,2023-12-23,615230,492184.0,29,555,38,5.0,0.0,49.2,5.0,0,2.0,20.0,2.0,0.14285714285714285,4.3042986425339365,0.0,1.0,0.0,5.0,,
A-ad64c6,Company_175,Pro,DevTools,UK,event,12,2024-02-23,4.3,True,2024-07-03,78732,62986.0,15,206,18,4.0,0.0,34.0,5.0,0,3.0,61.0,3.0,0.0,11.501734390485629,0.5,2.0,0.0,5.0,,
A-39b19f,Company_176,Enterprise,FinTech,US,partner,1,2023-02-03,1.18,True,2023-03-11,183185,146548.0,28,436,25,6.0,1.0,47.83,4.25,1,3.0,49.0,4.0,0.04,22.449729078868152,0.3333333333333333,0.0,0.0,4.0,,
A-56962b,Company_177,Enterprise,EdTech,UK,partner,163,2024-04-09,3.58,True,2024-07-27,124206,99365.0,13,191,19,4.0,0.0,37.5,3.0,0,2.0,10.0,2.0,0.18181818181818182,2.183017785427424,0.0,0.0,0.0,4.0,,
A-e60f9d,Company_178,Basic,FinTech,US,other,29,2024-08-26,4.17,False,,110114,88091.0,30,533,22,2.0,0.0,70.5,,0,0.0,0.0,0.0,0.0,0.0,0.0,0.0,0.0,4.0,0.3,Low
A-88c6ca,Company_179,Basic,FinTech,DE,ads,5,2024-10-25,2.2,False,,8439,6751.0,26,402,19,1.0,0.0,56.0,,1,5.0,50.0,5.0,0.0392156862745098,15.619868637110017,2.0,0.0,0.0,4.0,0.6,Medium
A-158f4e,Company_180,Enterprise,FinTech,IN,other,61,2023-03-03,0.07,True,2023-03-05,372832,298266.0,32,434,28,5.0,0.0,27.6,4.33,1,8.0,75.0,7.0,0.07894736842105263,70.37607891491986,0.2857142857142857,1.0,0.0,4.0,,
A-5b051a,Company_181,Enterprise,Cybersecurity,US,event,22,2024-08-05,4.86,False,,4840,3872.0,14,171,17,1.0,0.0,2.0,3.0,0,4.0,49.0,4.0,0.14,8.35888814167227,1.5,0.0,0.0,4.0,0.63,Medium
A-296d7c,Company_182,Enterprise,DevTools,DE,other,2,2023-11-08,11.89,True,2024-11-04,10187,8150.0,18,309,13,5.0,0.0,50.4,3.75,0,4.0,43.0,4.0,0.0,3.3353378860462746,0.6666666666666666,0.0,0.0,4.0,,
A-1619f8,Company_183,Pro,DevTools,US,organic,29,2024-05-20,0.46,True,2024-06-03,96509,77207.0,24,370,22,3.0,0.0,42.0,5.0,1,7.0,91.0,6.0,0.0,62.332133213321335,0.5,0.0,0.0,4.0,,
A-a1b80b,Company_184,Basic,HealthTech,US,organic,16,2023-11-27,13.14,False,,256253,205002.0,32,659,46,4.0,0.0,41.0,4.0,0,11.0,129.0,9.0,0.1076923076923077,9.122665179816003,2.0,0.0,0.0,4.0,0.39,Low
A-702032,Company_186,Pro,HealthTech,US,ads,28,2023-10-03,6.5,True,2024-04-18,54712,43770.0,15,225,11,4.0,0.0,26.0,3.0,0,4.0,64.0,4.0,0.03076923076923077,8.528103659604273,1.5,0.0,0.0,4.0,,
A-22d9d2,Company_188,Pro,DevTools,FR,event,8,2024-03-22,6.87,True,2024-10-17,78984,63187.0,34,712,40,6.0,1.0,16.0,4.0,0,5.0,39.0,5.0,0.125,4.958068827263616,2.0,1.0,1.0,3.0,,
A-b9eed8,Company_189,Basic,Cybersecurity,US,organic,11,2024-02-23,10.25,False,,77688,62150.0,29,623,55,5.0,1.0,29.2,3.75,0,4.0,42.0,3.0,0.023255813953488372,3.733442354865086,1.5,0.0,0.0,4.0,0.21,Low
A-dfbd31,Company_190,Enterprise,DevTools,UK,partner,14,2023-12-04,0.92,True,2024-01-01,92896,74317.0,22,434,14,6.0,0.0,29.67,4.25,1,4.0,36.0,3.0,0.10810810810810811,18.751540041067763,1.5,1.0,0.0,4.0,,
A-8e47ca,Company_191,Pro,HealthTech,US,organic,19,2024-02-15,3.52,True,2024-06-01,204072,163258.0,29,441,35,5.0,1.0,33.4,4.0,0,12.0,120.0,10.0,0.03305785123966942,26.57741559953434,0.8571428571428571,0.0,0.0,4.0,,
A-4437e4,Company_192,Enterprise,Cybersecurity,US,event,3,2023-09-16,9.17,True,2024-06-21,119493,95594.0,36,672,32,6.0,2.0,34.67,3.0,0,5.0,43.0,5.0,0.045454545454545456,4.229963805584282,2.0,0.0,0.0,4.0,,
A-779e4e,Company_193,Basic,HealthTech,US,organic,5,2023-01-02,23.95,False,,433270,346616.0,28,393,20,5.0,0.0,26.6,4.0,0,1.0,8.0,1.0,0.3333333333333333,0.3206573264510692,1.0,1.0,0.0,5.0,0.05,Low
A-53f4e3,Company_194,Enterprise,Cybersecurity,UK,event,13,2024-06-14,6.57,False,,40259,32207.0,29,410,45,5.0,0.0,28.6,4.0,0,3.0,23.0,3.0,0.0,3.0381878146155183,3.0,0.0,0.0,4.0,0.22,Low
A-13466a,Company_196,Basic,DevTools,AU,event,2,2023-10-22,0.89,True,2023-11-18,97702,78162.0,16,190,14,3.0,1.0,32.33,4.33,1,1.0,9.0,1.0,0.0,4.76949860724234,1.0,1.0,0.0,5.0,,
A-1986ca,Company_197,Pro,HealthTech,IN,ads,20,2023-01-30,23.03,False,,222880,178304.0,23,321,23,7.0,0.0,36.57,3.4,0,2.0,10.0,2.0,0.0,0.416165372416056,0.0,0.0,0.0,4.0,0.07,Low
A-0cc442,Company_198,Basic,EdTech,US,organic,45,2024-07-18,0.07,True,2024-07-20,186771,149417.0,32,643,32,3.0,0.0,37.0,3.0,1,13.0,130.0,9.0,0.08396946564885496,121.98520345252774,1.3333333333333333,0.0,0.0,4.0,,
A-c608c8,Company_199,Pro,DevTools,DE,ads,3,2023-04-27,13.27,True,2024-06-04,80721,64577.0,29,445,27,2.0,0.0,59.0,3.0,0,5.0,49.0,5.0,0.02,3.433293435226959,1.0,0.0,0.0,4.0,,
A-3be56b,Company_200,Pro,HealthTech,IN,event,3,2023-10-26,2.5,True,2024-01-10,118149,94519.0,24,403,29,4.0,0.0,40.25,3.5,1,13.0,123.0,12.0,0.08870967741935484,35.17587373167982,0.5555555555555556,1.0,0.0,3.0,,
A-68f37c,Company_202,Basic,HealthTech,US,ads,4,2023-07-15,6.83,True,2024-02-08,508978,407182.0,30,596,36,5.0,0.0,20.2,4.0,0,6.0,55.0,6.0,0.05357142857142857,7.021472907230331,0.4,1.0,0.0,4.0,,
A-c222ab,Company_206,Pro,Cybersecurity,US,other,32,2024-05-10,1.02,True,2024-06-10,52128,41702.0,27,435,33,4.0,0.0,39.0,5.0,1,7.0,88.0,6.0,0.0898876404494382,43.598958333333336,0.42857142857142855,0.0,0.0,4.0,,
A-34d880,Company_207,Enterprise,Cybersecurity,AU,ads,4,2024-04-11,8.31,True,2024-12-20,149524,119619.0,23,332,29,5.0,0.0,52.2,3.0,0,2.0,24.0,2.0,0.08,2.577476714648603,0.5,1.0,0.0,3.0,,
A-508199,Company_208,Basic,FinTech,AU,event,19,2024-01-28,11.1,False,,89015,71212.0,13,160,6,3.0,0.0,50.67,3.0,0,0.0,0.0,0.0,0.0,0.0,0.0,0.0,0.0,4.0,0.22,Low
A-410e86,Company_210,Basic,FinTech,US,organic,24,2024-11-10,1.68,False,,20736,16589.0,19,212,16,5.0,0.0,42.6,3.5,1,0.0,0.0,0.0,0.0,0.0,0.0,0.0,0.0,4.0,0.48,Medium
A-de58ca,Company_212,Enterprise,HealthTech,DE,organic,15,2023-04-13,20.63,False,,264072,211258.0,27,459,30,5.0,0.0,30.6,3.33,0,2.0,26.0,2.0,0.1111111111111111,1.201992588542616,0.5,1.0,0.0,4.0,0.17,Low
A-249769,Company_214,Enterprise,Cybersecurity,US,event,4,2024-04-25,7.72,True,2024-12-16,76849,61479.0,31,643,30,2.0,0.0,39.5,4.0,0,2.0,23.0,2.0,0.0,2.6375828812537674,2.0,0.0,0.0,4.0,,
A-e43bf7,Company_215,Pro,Cybersecurity,AU,other,44,2023-03-24,3.02,True,2023-06-24,551832,441466.0,26,371,35,5.0,1.0,27.4,4.0,0,6.0,43.0,6.0,0.18181818181818182,10.690297288467823,0.4,0.0,0.0,4.0,,
A-eb2fdc,Company_216,Enterprise,DevTools,AU,organic,31,2023-11-21,6.14,True,2024-05-26,183747,146998.0,29,547,17,5.0,0.0,33.6,4.5,0,2.0,12.0,2.0,0.15384615384615385,1.6799116997792496,0.5,0.0,0.0,4.0,,
A-e1462e,Company_217,Basic,FinTech,UK,partner,15,2023-03-12,20.83,True,2024-12-05,165032,132026.0,23,262,16,2.0,0.0,39.5,3.5,0,2.0,15.0,2.0,0.0,0.687195232075131,0.5,0.0,0.0,4.0,,
A-9123ac,Company_219,Pro,Cybersecurity,DE,organic,9,2023-06-20,16.13,True,2024-10-23,132694,106155.0,27,363,24,6.0,0.0,38.83,4.2,0,4.0,39.0,4.0,0.05,2.276695305308377,1.5,1.0,0.0,5.0,,
A-6e08f3,Company_220,Basic,Cybersecurity,US,event,8,2023-02-27,22.11,False,,121948,97558.0,23,348,15,2.0,0.0,36.5,3.5,0,3.0,50.0,4.0,0.0392156862745098,2.1636529057204594,0.0,0.0,0.0,4.0,0.15,Low
A-8ed5dd,Company_222,Enterprise,EdTech,UK,event,5,2023-06-29,16.06,True,2024-10-30,128835,103068.0,29,545,45,6.0,0.0,29.0,3.75,0,3.0,54.0,3.0,0.10909090909090909,3.164484829816726,1.0,0.0,0.0,4.0,,
A-7c6b6b,Company_223,Basic,FinTech,US,other,6,2024-11-30,0.3,True,2024-12-09,4818,3854.0,22,311,24,5.0,0.0,52.2,4.33,1,3.0,20.0,3.0,0.09523809523809523,15.43610547667343,0.3333333333333333,0.0,0.0,4.0,,
A-3c1a3f,Company_224,Pro,DevTools,UK,event,1,2023-08-26,16.2,False,,115250,92200.0,26,368,16,4.0,0.0,33.25,3.5,0,3.0,30.0,3.0,0.0,1.7446125630444753,0.3333333333333333,0.0,0.0,4.0,0.17,Low
A-76fa4d,Company_226,Pro,HealthTech,US,event,69,2024-11-24,0.07,True,2024-11-26,92529,74023.0,21,322,20,5.0,0.0,33.4,4.5,1,5.0,103.0,4.0,0.038461538461538464,96.6498150431566,2.0,0.0,0.0,4.0,,
A-b2af2e,Company_227,Enterprise,Cybersecurity,UK,event,5,2024-08-24,2.69,True,2024-11-14,9466,7573.0,14,174,11,2.0,0.0,39.5,4.0,1,3.0,30.0,3.0,0.03225806451612903,8.121664887940234,1.0,0.0,0.0,4.0,,
A-9bfc9f,Company_228,Pro,DevTools,CA,ads,53,2023-09-14,15.57,False,,120301,96241.0,21,326,12,6.0,1.0,35.33,3.33,0,1.0,6.0,1.0,0.14285714285714285,0.3620648640076124,1.0,0.0,0.0,4.0,0.14,Low
A-4ae22a,Company_229,Pro,EdTech,US,other,6,2024-05-09,2.37,True,2024-07-20,48536,38829.0,24,369,31,3.0,0.0,14.33,3.0,1,0.0,0.0,0.0,0.0,0.0,0.0,0.0,0.0,4.0,,
A-fda07f,Company_230,Basic,Cybersecurity,FR,partner,7,2024-08-11,1.08,True,2024-09-13,79635,63708.0,30,594,35,5.0,0.0,17.8,4.0,1,5.0,67.0,5.0,0.014705882352941176,32.14817150063052,1.0,2.0,0.0,4.5,,
A-977ca0,Company_232,Basic,HealthTech,IN,partner,6,2023-02-20,22.34,False,,485758,388606.0,34,646,34,3.0,0.0,64.0,4.0,0,7.0,84.0,8.0,0.047058823529411764,3.599121671077079,1.0,1.0,0.0,4.0,0.17,Low
A-ab438f,Company_233,Enterprise,Cybersecurity,US,ads,13,2024-09-13,2.63,True,2024-12-02,35462,28370.0,20,268,7,2.0,0.0,33.5,3.5,1,2.0,22.0,2.0,0.0,6.063745019920319,0.5,0.0,0.0,4.0,,
A-40906c,Company_235,Basic,EdTech,US,ads,92,2024-03-27,9.17,False,,261372,209098.0,31,561,29,5.0,0.0,29.2,3.75,0,2.0,23.0,2.0,0.041666666666666664,2.2625387797311274,0.5,1.0,0.0,4.0,0.3,Low
A-81edc3,Company_236,Basic,Cybersecurity,IN,ads,5,2023-10-30,4.11,True,2024-03-03,102636,82109.0,32,726,36,3.0,0.0,52.67,4.0,0,16.0,184.0,14.0,0.02702702702702703,36.03293875450334,0.5454545454545454,0.0,0.0,4.0,,
A-328bd0,Company_237,Enterprise,HealthTech,AU,partner,18,2023-05-16,19.55,False,,151820,121456.0,27,515,47,5.0,0.0,46.0,3.67,0,3.0,27.0,3.0,0.0,1.3140828856485034,3.0,0.0,0.0,4.0,0.06,Low
A-b3fe05,Company_238,Pro,Cybersecurity,CA,partner,8,2024-05-28,7.13,False,,95803,76642.0,23,340,13,4.0,0.0,48.25,3.0,0,2.0,24.0,2.0,0.04,2.9524733268671195,0.5,1.0,0.0,4.0,0.45,Medium
A-e693b6,Company_240,Enterprise,FinTech,AU,event,55,2023-05-25,16.56,True,2024-10-10,230065,184052.0,29,497,18,1.0,0.0,1.0,3.0,0,1.0,8.0,1.0,0.1111111111111111,0.4556545168774792,0.0,0.0,0.0,4.0,,
A-2446e3,Company_241,Pro,EdTech,IN,organic,27,2024-01-10,6.6,True,2024-07-29,115155,92124.0,26,426,29,3.0,0.0,28.67,4.0,0,3.0,29.0,3.0,0.0,3.814206705841687,1.0,0.0,0.0,4.0,,
A-241e75,Company_242,Enterprise,EdTech,US,partner,3,2024-07-03,3.29,True,2024-10-11,19131,15305.0,17,266,20,4.0,0.0,31.5,4.5,0,4.0,42.0,4.0,0.0,9.801287948482061,4.0,1.0,0.0,5.0,,
A-922109,Company_243,Pro,Cybersecurity,US,ads,3,2024-01-26,6.24,True,2024-08-03,89509,71607.0,34,648,27,3.0,0.0,25.33,3.0,0,12.0,122.0,12.0,0.016260162601626018,16.846670295772093,0.4444444444444444,0.0,0.0,4.0,,
A-ff3c73,Company_244,Pro,HealthTech,AU,other,21,2023-01-26,10.41,True,2023-12-09,61737,49390.0,22,247,16,2.0,0.0,35.5,3.5,0,7.0,70.0,8.0,0.09859154929577464,6.132857471793692,1.0,0.0,0.0,4.0,,
A-8b0451,Company_245,Enterprise,FinTech,UK,event,41,2024-09-16,3.42,True,2024-12-29,48756,39005.0,30,509,34,7.0,0.0,26.57,3.5,0,3.0,26.0,3.0,0.1111111111111111,5.886938411187147,1.0,2.0,0.0,3.0,,
A-331424,Company_246,Basic,DevTools,US,organic,11,2023-11-06,3.52,True,2024-02-21,56188,44950.0,13,131,7,2.0,0.0,24.5,,0,0.0,0.0,0.0,0.0,0.0,0.0,0.0,0.0,4.0,,
A-51ec1b,Company_247,Enterprise,DevTools,US,ads,7,2023-11-08,13.76,False,,44552,35642.0,19,283,12,3.0,1.0,52.33,5.0,0,0.0,0.0,0.0,0.0,0.0,0.0,0.0,0.0,4.0,0.21,Low
A-bcf664,Company_248,Pro,DevTools,US,other,5,2023-05-19,14.68,True,2024-08-08,102120,81696.0,28,474,25,5.0,1.0,36.0,4.0,0,2.0,19.0,2.0,0.05,1.211377345844504,2.0,1.0,0.0,4.0,,
A-90a8c8,Company_249,Pro,FinTech,AU,organic,15,2024-08-24,0.16,True,2024-08-29,95680,76544.0,23,372,19,4.0,0.0,45.0,3.25,1,3.0,31.0,2.0,0.09375,26.626410835214447,1.0,0.0,0.0,4.0,,
A-86cdb4,Company_250,Basic,DevTools,DE,partner,2,2024-09-22,3.29,False,,6218,4974.0,27,446,24,5.0,0.0,26.4,4.33,0,7.0,80.0,8.0,0.07407407407407407,18.669119901870594,0.3333333333333333,2.0,0.0,3.0,0.89,High
A-dbc825,Company_252,Enterprise,EdTech,FR,partner,19,2024-01-07,0.23,True,2024-01-14,269032,215226.0,34,668,57,6.0,1.0,49.5,4.0,1,7.0,77.0,7.0,0.21794871794871795,62.603632478632484,0.5,0.0,0.0,4.0,,
A-c70870,Company_253,Basic,Cybersecurity,US,partner,31,2024-10-22,1.71,True,2024-12-13,40203,32162.0,12,155,9,5.0,0.0,35.6,4.0,1,0.0,0.0,0.0,0.0,0.0,0.0,0.0,0.0,4.0,,
A-7c4956,Company_254,Enterprise,DevTools,US,ads,5,2023-05-06,19.88,False,,31521,25217.0,21,371,31,3.0,0.0,13.67,4.0,0,2.0,24.0,2.0,0.16,1.1496915523102103,2.0,1.0,0.0,4.0,0.14,Low
A-0651a4,Company_255,Pro,HealthTech,FR,organic,16,2024-10-16,1.22,True,2024-11-22,79798,63838.0,28,575,27,4.0,0.0,29.25,4.0,1,11.0,164.0,9.0,0.09696969696969697,74.02372479240807,0.75,0.0,0.0,4.0,,
A-3ce5b8,Company_256,Basic,FinTech,IN,ads,8,2023-09-07,12.39,True,2024-09-18,184795,147836.0,25,379,18,10.0,0.0,42.5,3.71,0,4.0,36.0,4.0,0.02702702702702703,2.6895739249950914,1.5,1.0,0.0,4.0,,
A-92a3af,Company_259,Enterprise,Cybersecurity,IN,organic,25,2024-07-07,5.81,False,,124222,99378.0,35,714,55,4.0,1.0,57.5,4.0,0,6.0,64.0,6.0,0.03076923076923077,9.391438488237563,0.4,0.0,0.0,4.0,0.58,Medium
A-151c9a,Company_260,Enterprise,FinTech,US,ads,23,2023-01-27,9.23,True,2023-11-04,148340,118672.0,28,366,14,2.0,0.0,31.0,3.5,0,5.0,57.0,5.0,0.017241379310344827,5.571153352170563,0.2,0.0,0.0,4.0,,
A-474ad4,Company_261,Basic,EdTech,US,organic,8,2023-11-28,13.11,False,,63773,51018.0,29,410,34,3.0,1.0,33.0,5.0,0,4.0,35.0,4.0,0.027777777777777776,2.4809053651266764,0.25,0.0,0.0,4.0,0.2,Low
A-4ef964,Company_262,Pro,HealthTech,US,organic,17,2024-03-07,3.42,True,2024-06-19,81794,65435.0,29,444,32,3.0,0.0,42.67,4.0,0,3.0,30.0,3.0,0.0967741935483871,6.792621243677478,0.3333333333333333,0.0,0.0,4.0,,
A-fd9422,Company_263,Pro,Cybersecurity,US,organic,58,2024-04-04,8.9,False,,124874,99899.0,21,297,18,6.0,1.0,44.33,3.5,0,4.0,36.0,4.0,0.16216216216216217,3.635350318471338,4.0,1.0,0.0,4.0,0.24,Low
A-0baac2,Company_264,Enterprise,FinTech,DE,organic,14,2024-05-30,1.51,True,2024-07-15,49405,39524.0,19,202,9,6.0,0.0,43.5,4.33,1,7.0,63.0,7.0,0.03125,25.08791208791209,0.6,5.0,0.0,4.5,,
A-bb1486,Company_265,Basic,HealthTech,US,organic,41,2024-11-05,0.53,True,2024-11-21,25764,20611.0,24,405,36,3.0,0.0,11.0,3.0,1,2.0,12.0,2.0,0.07692307692307693,7.865633074935401,0.0,0.0,0.0,4.0,,
A-560d27,Company_266,Pro,DevTools,US,organic,23,2024-05-05,7.88,False,,242385,193908.0,21,410,23,4.0,0.0,30.75,3.67,0,0.0,0.0,0.0,0.0,0.0,0.0,0.0,0.0,4.0,0.29,Low
A-0b0d6d,Company_267,Pro,DevTools,US,organic,3,2024-12-30,0.03,True,2024-12-31,33491,26793.0,32,582,48,5.0,1.0,31.4,4.0,1,5.0,42.0,5.0,0.046511627906976744,40.66412213740458,1.0,0.0,0.0,4.0,,
A-2789e3,Company_268,Enterprise,FinTech,US,partner,11,2024-09-14,3.55,False,,46748,37398.0,31,563,44,4.0,0.0,47.25,4.0,0,4.0,44.0,4.0,0.08888888888888889,9.674660502744873,0.6666666666666666,2.0,0.0,4.0,0.74,High
A-b07346,Company_269,Pro,HealthTech,US,partner,51,2024-10-10,1.08,True,2024-11-12,42534,34027.0,21,249,15,3.0,0.0,42.33,3.5,1,0.0,0.0,0.0,0.0,0.0,0.0,0.0,0.0,4.0,,
A-902ef7,Company_270,Enterprise,HealthTech,US,other,83,2024-09-03,0.76,True,2024-09-26,107651,86121.0,23,276,18,2.0,0.0,48.5,4.0,1,3.0,33.0,3.0,0.11764705882352941,18.797155688622755,1.0,0.0,0.0,4.0,,
A-20736a,Company_271,Enterprise,EdTech,IN,organic,50,2024-03-16,0.1,True,2024-03-19,138725,110980.0,21,349,18,4.0,0.0,42.25,3.75,1,4.0,46.0,3.0,0.02127659574468085,41.8732057416268,0.25,0.0,0.0,4.0,,
A-e4bf56,Company_272,Pro,HealthTech,IN,ads,17,2024-10-28,2.1,False,,24024,19219.0,25,339,10,8.0,0.0,29.12,3.67,1,6.0,51.0,6.0,0.0,16.438373570520966,0.4,0.0,0.0,4.0,0.74,High
A-cea1f0,Company_273,Pro,FinTech,US,event,8,2024-04-07,8.8,False,,30154,24123.0,26,409,20,5.0,0.0,42.2,4.33,0,4.0,44.0,4.0,0.0,4.487870258678461,1.5,0.0,0.0,4.0,0.31,Low
A-ef84cf,Company_274,Enterprise,EdTech,US,partner,8,2024-03-01,8.67,True,2024-11-20,57966,46373.0,17,222,6,5.0,1.0,34.8,4.33,0,1.0,14.0,1.0,0.0,1.4473576959652221,1.0,2.0,1.0,4.5,,
A-d49cc5,Company_275,Basic,Cybersecurity,FR,event,50,2023-09-19,6.77,True,2024-04-12,82675,66140.0,27,436,34,4.0,0.0,32.0,4.5,0,2.0,21.0,2.0,0.13636363636363635,2.703603451192692,2.0,0.0,0.0,4.0,,
A-67be94,Company_276,Enterprise,EdTech,US,organic,26,2023-04-04,13.8,True,2024-05-28,155774,124619.0,26,416,17,5.0,0.0,38.6,4.0,0,4.0,61.0,4.0,0.0,4.122280436906136,1.0,2.0,0.0,4.0,,
A-c37cab,Company_278,Pro,Cybersecurity,UK,event,13,2024-07-29,2.96,True,2024-10-27,104185,83348.0,29,554,30,4.0,1.0,33.0,3.75,1,8.0,96.0,6.0,0.030927835051546393,24.263035536366655,0.6666666666666666,0.0,0.0,4.0,,
A-533452,Company_279,Pro,DevTools,AU,organic,9,2024-11-12,0.23,True,2024-11-19,37937,30350.0,31,547,39,4.0,0.0,32.75,4.0,1,5.0,102.0,5.0,0.11650485436893204,82.92948717948718,1.6666666666666667,0.0,0.0,4.0,,
A-443b7c,Company_280,Enterprise,Cybersecurity,US,other,1,2024-09-06,3.81,False,,84024,67219.0,27,500,24,8.0,0.0,29.25,4.4,0,6.0,49.0,5.0,0.02,10.185468451242832,0.75,0.0,0.0,4.0,0.57,Medium
A-f51f16,Company_282,Enterprise,HealthTech,US,partner,1,2023-12-25,6.41,True,2024-07-07,117675,94140.0,24,320,24,4.0,0.0,29.25,3.0,0,6.0,59.0,6.0,0.08333333333333333,7.9664655784244145,0.75,0.0,0.0,4.0,,
A-5f2961,Company_284,Basic,HealthTech,US,partner,4,2024-11-22,0.2,True,2024-11-28,11692,9354.0,22,348,19,1.0,0.0,53.0,,1,2.0,18.0,2.0,0.0,15.03622392974753,0.5,0.0,0.0,4.0,,
A-8bde0c,Company_287,Basic,DevTools,US,organic,12,2024-11-04,0.79,True,2024-11-28,35374,28299.0,32,749,41,3.0,0.0,25.67,4.0,1,6.0,67.0,6.0,0.16176470588235295,37.46289493019839,0.5,2.0,0.0,4.0,,
A-bcf87c,Company_288,Pro,FinTech,US,event,10,2024-06-27,6.14,False,,47263,37810.0,26,459,18,2.0,0.0,63.0,4.0,0,6.0,51.0,6.0,0.019230769230769232,7.13962472406181,0.4,0.0,0.0,4.0,0.49,Medium
A-54ecc2,Company_289,Enterprise,Cybersecurity,US,partner,4,2023-06-11,15.08,True,2024-09-12,118244,94595.0,27,551,37,5.0,0.0,37.4,5.0,0,6.0,95.0,6.0,0.0625,5.908385093167702,0.75,1.0,0.0,5.0,,
A-625d0b,Company_290,Basic,EdTech,AU,ads,9,2024-09-02,3.94,False,,23462,18770.0,30,425,28,5.0,0.0,48.4,3.0,0,4.0,59.0,4.0,0.0,11.938048391385271,0.6666666666666666,1.0,0.0,4.0,0.65,High
A-b07b56,Company_292,Pro,DevTools,US,event,25,2024-11-08,1.51,True,2024-12-24,22084,17667.0,30,552,32,4.0,0.0,31.25,3.0,1,3.0,45.0,4.0,0.043478260869565216,17.919937205651493,1.0,1.0,0.0,4.0,,
A-6da850,Company_293,Pro,FinTech,IN,organic,5,2023-10-07,3.29,True,2024-01-15,124530,99624.0,26,506,32,5.0,0.0,49.0,4.0,0,11.0,118.0,10.0,0.04201680672268908,27.536951855259126,0.625,0.0,0.0,4.0,,
A-e7a1e2,Company_295,Enterprise,Cybersecurity,US,event,3,2024-06-23,2.53,True,2024-09-08,52699,42159.0,31,558,26,1.0,0.0,45.0,4.0,1,13.0,141.0,11.0,0.035211267605633804,39.94825018615041,1.0,0.0,0.0,4.0,,
A-f1f639,Company_296,Basic,EdTech,US,ads,2,2023-02-26,13.34,True,2024-04-07,26245,20996.0,12,139,10,7.0,0.0,20.0,4.8,0,0.0,0.0,0.0,0.0,0.0,0.0,0.0,0.0,4.0,,
A-a865bd,Company_297,Pro,Cybersecurity,US,organic,38,2023-09-19,2.23,True,2023-11-26,173502,138802.0,19,230,13,2.0,0.0,31.5,3.0,1,4.0,37.0,4.0,0.02631578947368421,11.441284030881755,0.25,0.0,0.0,4.0,,
A-4e631b,Company_298,Enterprise,FinTech,US,other,22,2024-03-16,9.53,False,,146048,116838.0,32,479,29,2.0,0.0,24.5,4.0,0,4.0,39.0,4.0,0.125,3.7047809262264386,1.5,0.0,0.0,4.0,0.3,Low
A-2edab2,Company_301,Enterprise,HealthTech,US,event,17,2023-11-17,1.12,True,2023-12-21,69564,55651.0,28,487,26,4.0,0.0,30.0,3.0,1,9.0,101.0,10.0,0.14705882352941177,47.71011793916822,0.6666666666666666,0.0,0.0,4.0,,
A-149a69,Company_302,Basic,DevTools,US,event,34,2024-10-17,1.58,True,2024-12-04,8058,6446.0,18,208,9,8.0,0.0,33.88,4.2,1,0.0,0.0,0.0,0.0,0.0,0.0,1.0,0.0,4.0,,
A-a6d261,Company_303,Pro,FinTech,CA,other,9,2023-11-29,3.35,True,2024-03-10,299668,239734.0,34,582,25,4.0,1.0,40.0,4.67,0,8.0,77.0,8.0,0.02564102564102564,17.697674418604652,0.8,1.0,0.0,5.0,,
A-443f6f,Company_304,Basic,Cybersecurity,US,organic,19,2024-12-07,0.79,False,,13594,10875.0,31,527,28,4.0,0.0,28.0,4.67,1,5.0,46.0,5.0,0.06382978723404255,25.720793534166056,2.0,0.0,0.0,4.0,0.69,High
A-202b67,Company_305,Pro,HealthTech,US,organic,11,2024-03-22,0.26,True,2024-03-30,104386,83509.0,29,447,40,4.0,0.0,36.75,4.67,1,5.0,48.0,5.0,0.04081632653061224,38.01040582726327,0.5,2.0,0.0,5.0,,
A-ffc04f,Company_307,Pro,EdTech,US,ads,13,2024-06-06,1.91,True,2024-08-03,75847,60678.0,36,710,53,7.0,1.0,17.71,4.5,1,6.0,69.0,6.0,0.07142857142857142,23.74898236092266,0.4,0.0,0.0,4.0,,
A-dcc2f0,Company_309,Basic,FinTech,UK,organic,15,2023-07-22,8.64,True,2024-04-10,162875,130300.0,33,675,24,2.0,0.0,27.0,,0,5.0,50.0,5.0,0.0392156862745098,5.186750272628135,1.0,0.0,0.0,4.0,,
A-ced9aa,Company_310,Enterprise,DevTools,US,other,3,2024-10-05,2.86,False,,9352,7482.0,33,531,39,7.0,0.0,28.86,3.0,1,2.0,15.0,2.0,0.0625,3.8879427792915533,2.0,0.0,0.0,4.0,0.41,Medium
A-3d957b,Company_311,Pro,HealthTech,UK,other,14,2024-04-04,1.02,True,2024-05-05,50223,40178.0,13,143,13,3.0,0.0,41.33,3.0,1,1.0,7.0,1.0,0.0,3.4680989583333335,1.0,0.0,0.0,4.0,,
A-89ee83,Company_312,Pro,Cybersecurity,US,organic,1,2024-10-04,2.89,False,,47419,37935.0,28,565,26,5.0,1.0,21.8,4.0,1,6.0,60.0,5.0,0.14754098360655737,15.420466058763932,0.75,0.0,0.0,4.0,0.73,High
A-883b7d,Company_313,Basic,Cybersecurity,IN,other,17,2024-03-28,9.13,False,,183033,146426.0,30,508,29,7.0,1.0,25.57,3.6,0,9.0,78.0,8.0,0.0379746835443038,7.697834262741538,1.5,1.0,0.0,3.0,0.48,Medium
A-dcc3f1,Company_314,Pro,HealthTech,US,event,21,2023-12-27,6.64,True,2024-07-16,75549,60439.0,27,420,24,9.0,0.0,35.67,3.8,0,5.0,53.0,5.0,0.0,6.940801927379109,0.2,4.0,0.0,3.0,,
A-e4144b,Company_316,Pro,EdTech,UK,other,41,2024-10-22,2.3,False,,51742,41394.0,20,316,15,3.0,0.0,57.0,4.0,1,3.0,30.0,3.0,0.12903225806451613,9.09199522102748,3.0,0.0,0.0,4.0,0.5,Medium
A-e40f45,Company_317,Pro,HealthTech,US,organic,21,2024-04-18,6.73,True,2024-11-09,79270,63416.0,27,362,23,7.0,0.0,26.71,4.33,0,3.0,15.0,3.0,0.0625,1.9393476044852191,0.3333333333333333,0.0,0.0,4.0,,
A-96215d,Company_318,Enterprise,FinTech,US,event,10,2024-08-08,4.76,False,,41229,32983.0,20,347,21,1.0,0.0,25.0,3.0,0,3.0,41.0,4.0,0.023809523809523808,7.113771089831281,0.3333333333333333,0.0,0.0,4.0,0.63,Medium
A-2b9d3e,Company_319,Enterprise,EdTech,US,partner,1,2023-06-04,18.92,False,,33537,26830.0,25,417,19,3.0,0.0,34.67,5.0,0,4.0,36.0,4.0,0.08108108108108109,1.8070048149858189,0.25,0.0,0.0,4.0,0.18,Low
A-b7724f,Company_320,Basic,HealthTech,UK,organic,1,2023-03-28,4.93,True,2023-08-25,17388,13910.0,28,380,16,3.0,0.0,28.67,3.0,0,5.0,37.0,5.0,0.18421052631578946,6.241853247616937,2.0,0.0,0.0,4.0,,
A-310452,Company_321,Enterprise,DevTools,FR,other,9,2024-12-25,0.0,True,2024-12-25,11003,8802.0,17,219,14,5.0,0.0,34.2,3.6,1,1.0,26.0,1.0,0.0,26.0,0.5,0.0,0.0,4.0,,
A-eb1312,Company_322,Pro,FinTech,US,partner,25,2024-09-16,0.39,True,2024-09-28,32145,25716.0,31,663,38,1.0,0.0,68.0,5.0,1,5.0,94.0,5.0,0.10526315789473684,67.42130065975495,0.2,0.0,0.0,4.0,,
A-df1e44,Company_323,Enterprise,Cybersecurity,UK,organic,12,2024-02-23,7.79,True,2024-10-17,66206,52965.0,24,354,11,2.0,0.0,53.0,5.0,0,5.0,48.0,5.0,0.02040816326530612,5.463356266826204,1.0,0.0,0.0,4.0,,
A-6a7c9d,Company_324,Enterprise,Cybersecurity,US,organic,26,2024-10-24,0.72,True,2024-11-15,23376,18701.0,15,189,6,3.0,0.0,34.33,4.0,1,2.0,56.0,2.0,0.0,32.50648360030511,2.0,0.0,0.0,4.0,,
A-cbd1a3,Company_325,Basic,DevTools,US,other,6,2024-11-25,1.18,False,,27391,21913.0,26,417,31,4.0,0.0,34.5,4.0,1,2.0,32.0,3.0,0.0,14.661047561709815,0.5,0.0,0.0,4.0,0.69,High
A-a8d89d,Company_326,Pro,EdTech,US,ads,13,2023-12-08,1.35,True,2024-01-18,263060,210448.0,30,525,26,2.0,0.0,44.5,5.0,1,8.0,79.0,8.0,0.0375,33.66125419932811,1.25,0.0,0.0,4.0,,
A-86fc1d,Company_328,Basic,DevTools,UK,partner,26,2024-07-26,0.56,True,2024-08-12,56507,45206.0,22,263,17,5.0,0.0,27.0,4.0,1,1.0,13.0,1.0,0.0,8.341483979763913,0.0,1.0,0.0,5.0,,
A-78f02b,Company_329,Enterprise,HealthTech,US,event,11,2024-11-17,0.49,True,2024-12-02,20852,16682.0,16,198,15,4.0,0.0,45.75,4.0,1,2.0,36.0,2.0,0.43243243243243246,24.116197183098592,0.5,1.0,0.0,4.0,,
A-acb7f7,Company_330,Basic,EdTech,US,ads,32,2024-01-06,2.46,True,2024-03-21,295224,236179.0,31,515,29,3.0,0.0,41.0,3.5,1,6.0,64.0,6.0,0.03076923076923077,18.476479514415782,0.75,1.0,0.0,3.0,,
A-712f1c,Company_331,Basic,DevTools,US,ads,17,2023-12-16,10.28,True,2024-10-24,341279,273023.0,31,559,32,6.0,0.0,41.67,4.0,0,3.0,22.0,3.0,0.043478260869565216,1.9499184719310507,0.3333333333333333,0.0,0.0,4.0,,
A-9a532a,Company_333,Enterprise,HealthTech,US,partner,11,2024-07-06,5.85,False,,48158,38526.0,13,158,12,2.0,0.0,57.5,,0,0.0,0.0,0.0,0.0,0.0,0.0,0.0,0.0,4.0,0.43,Medium
A-2ebb4b,Company_334,Basic,HealthTech,US,ads,41,2023-05-15,2.66,True,2023-08-04,324405,259524.0,25,424,29,2.0,0.0,43.5,3.0,1,2.0,32.0,2.0,0.06060606060606061,8.740847092605886,1.0,2.0,0.0,3.0,,
A-6843f2,Company_335,Enterprise,HealthTech,CA,ads,21,2024-12-10,0.69,False,,16520,13216.0,21,380,13,2.0,0.0,36.5,3.0,1,2.0,23.0,2.0,0.041666666666666664,13.610419906687405,0.0,0.0,0.0,4.0,0.78,High
A-c9bb3e,Company_336,Pro,EdTech,US,ads,5,2024-03-24,4.17,True,2024-07-29,85675,68540.0,26,445,18,7.0,1.0,27.71,4.2,0,6.0,53.0,6.0,0.037037037037037035,10.247205284552845,0.4,0.0,0.0,4.0,,
A-4814a3,Company_337,Basic,Cybersecurity,IN,event,87,2024-09-17,2.27,True,2024-11-25,181830,145464.0,33,456,32,4.0,1.0,18.75,4.0,1,3.0,28.0,3.0,0.034482758620689655,8.571198712791633,3.0,0.0,0.0,4.0,,
A-b7b7b7,Company_338,Basic,FinTech,US,event,24,2024-06-30,6.04,False,,106520,85216.0,28,467,19,3.0,0.0,17.0,5.0,0,4.0,47.0,4.0,0.0,6.671703040477523,0.6666666666666666,0.0,0.0,4.0,0.42,Medium
A-ccc747,Company_339,Pro,HealthTech,FR,event,16,2024-01-12,3.09,True,2024-04-15,24520,19616.0,19,243,12,4.0,1.0,32.25,5.0,0,5.0,57.0,5.0,0.05172413793103448,13.94310511089682,0.75,3.0,2.0,5.0,,
A-bb3bd4,Company_340,Basic,HealthTech,US,ads,23,2024-01-27,4.07,True,2024-05-30,57638,46110.0,17,277,8,11.0,0.0,32.73,4.14,0,3.0,47.0,3.0,0.08333333333333333,9.263662263662264,0.25,0.0,0.0,4.0,,
A-09316c,Company_341,Enterprise,FinTech,AU,organic,70,2024-09-11,2.79,True,2024-12-05,169190,135352.0,27,518,31,4.0,1.0,54.75,3.75,1,2.0,16.0,2.0,0.17647058823529413,4.218988218988219,2.0,1.0,0.0,3.0,,
A-96bbc6,Company_342,Enterprise,Cybersecurity,US,organic,39,2024-05-07,6.93,True,2024-12-04,118887,95110.0,30,482,25,3.0,0.0,51.33,3.33,0,10.0,188.0,10.0,0.010582010582010581,23.702451954937047,1.0,0.0,0.0,4.0,,
A-cdf020,Company_345,Pro,DevTools,AU,organic,23,2023-08-16,3.75,True,2023-12-08,117134,93707.0,25,341,18,4.0,0.0,29.5,4.0,0,1.0,11.0,1.0,0.08333333333333333,2.318194405981723,0.0,0.0,0.0,4.0,,
A-e6afc1,Company_346,Pro,DevTools,US,ads,1,2023-02-24,22.21,False,,320544,256435.0,29,499,15,0.0,0.0,,,0,2.0,18.0,2.0,0.0,0.7756072702564973,0.5,0.0,0.0,4.0,0.07,Low
A-e3bd71,Company_347,Basic,Cybersecurity,US,partner,31,2023-03-25,9.2,True,2023-12-30,383945,307156.0,31,603,23,4.0,0.0,30.25,4.0,0,5.0,47.0,5.0,0.0,4.6085555985053475,0.5,2.0,0.0,4.0,,
A-b179bf,Company_348,Basic,Cybersecurity,IN,ads,43,2024-10-27,0.13,True,2024-10-31,26488,21190.0,14,239,9,6.0,0.0,24.67,4.0,1,2.0,23.0,2.0,0.0,20.328687572590013,0.0,2.0,0.0,4.0,,
A-098560,Company_349,Enterprise,DevTools,UK,ads,1,2023-10-21,7.29,True,2024-05-30,74184,59347.0,32,549,32,2.0,1.0,28.0,3.0,0,9.0,101.0,8.0,0.0784313725490196,12.178893994612581,0.42857142857142855,0.0,0.0,4.0,,
A-82861f,Company_350,Basic,DevTools,UK,organic,41,2024-04-25,0.72,True,2024-05-17,210218,168174.0,28,462,43,5.0,0.0,24.4,3.2,1,2.0,16.0,2.0,0.0,9.287566742944318,2.0,1.0,0.0,4.0,,
A-94c3cd,Company_351,Enterprise,FinTech,CA,other,32,2023-09-20,15.37,False,,20666,16533.0,9,135,4,4.0,1.0,44.75,3.5,0,0.0,0.0,0.0,0.0,0.0,0.0,0.0,0.0,4.0,0.22,Low
A-a33200,Company_352,Basic,HealthTech,US,partner,29,2024-09-15,0.72,True,2024-10-07,73974,59179.0,33,517,26,3.0,0.0,36.33,4.5,1,4.0,29.0,4.0,0.0,16.833714721586578,0.6666666666666666,0.0,0.0,4.0,,
A-034368,Company_353,Enterprise,EdTech,US,event,19,2023-11-05,9.79,True,2024-08-29,25853,20682.0,18,214,23,5.0,0.0,41.2,4.0,0,3.0,25.0,3.0,0.15384615384615385,2.3170137620265496,0.0,0.0,0.0,4.0,,
A-b54c01,Company_354,Enterprise,DevTools,US,event,29,2024-09-29,0.79,True,2024-10-23,9077,7262.0,12,173,17,5.0,0.0,42.6,3.0,1,2.0,17.0,2.0,0.16666666666666666,9.505510653930934,0.5,0.0,0.0,4.0,,
A-d82ef9,Company_355,Basic,EdTech,UK,other,26,2024-07-02,1.15,True,2024-08-06,65429,52343.0,28,416,40,5.0,1.0,39.8,4.25,1,6.0,56.0,5.0,0.10526315789473684,26.048899755501225,0.75,0.0,0.0,4.0,,
A-bb2f49,Company_356,Pro,Cybersecurity,US,other,8,2023-05-28,19.15,False,,299364,239491.0,30,554,40,3.0,0.0,22.33,4.0,0,3.0,42.0,3.0,0.046511627906976744,2.084115805946792,1.0,0.0,0.0,4.0,0.13,Low
A-5a215a,Company_358,Enterprise,EdTech,FR,other,87,2024-01-05,11.86,False,,766731,613385.0,28,568,55,4.0,0.0,29.5,4.0,0,5.0,53.0,5.0,0.07407407407407407,4.121500102186798,0.5,1.0,0.0,4.0,0.45,Medium
A-3f9cc0,Company_359,Basic,HealthTech,US,event,22,2024-06-03,1.48,True,2024-07-18,122844,98275.0,23,356,19,5.0,1.0,34.8,4.5,1,6.0,93.0,5.0,0.02127659574468085,37.52545068928951,1.0,0.0,0.0,4.0,,
A-ed510f,Company_361,Basic,Cybersecurity,IN,partner,42,2023-01-17,3.55,True,2023-05-05,359016,287213.0,26,441,27,9.0,0.0,44.56,4.0,0,5.0,50.0,5.0,0.0784313725490196,10.99393238948281,1.0,2.0,0.0,3.0,,
A-5c9849,Company_362,Basic,EdTech,IN,partner,19,2024-11-03,0.33,True,2024-11-13,50689,40551.0,23,342,20,4.0,1.0,59.5,,1,0.0,0.0,0.0,0.0,0.0,0.0,0.0,0.0,4.0,,
A-a7bd4b,Company_363,Enterprise,Cybersecurity,US,ads,5,2023-02-15,19.97,True,2024-10-15,58885,47108.0,26,496,35,6.0,0.0,36.83,3.25,0,5.0,48.0,5.0,0.08163265306122448,2.2885784098740682,0.2,0.0,0.0,4.0,,
A-d4ac0e,Company_364,Basic,DevTools,UK,ads,18,2024-04-20,8.38,False,,104967,83974.0,36,658,48,4.0,0.0,21.0,3.5,0,6.0,63.0,5.0,0.015625,6.718469730941704,0.4,0.0,0.0,4.0,0.36,Low
A-ffdfd5,Company_365,Basic,EdTech,US,organic,3,2024-04-13,3.84,True,2024-08-08,47180,37744.0,27,451,22,0.0,0.0,,,0,4.0,45.0,4.0,0.0,9.290558871405317,0.0,0.0,0.0,4.0,,
A-0dbdc6,Company_366,Pro,Cybersecurity,DE,other,30,2023-02-12,9.43,True,2023-11-26,153453,122762.0,30,471,29,4.0,0.0,47.0,5.0,0,4.0,39.0,4.0,0.0,3.739793346774194,0.25,0.0,0.0,4.0,,
A-7cfe77,Company_367,Pro,DevTools,US,ads,69,2024-07-10,2.0,True,2024-09-09,51819,41455.0,16,205,11,7.0,0.0,30.71,3.5,1,1.0,10.0,1.0,0.09090909090909091,3.3289588801399823,1.0,0.0,0.0,4.0,,
A-1f0636,Company_368,Pro,EdTech,AU,partner,105,2024-01-01,11.99,False,,605220,484176.0,28,538,26,2.0,0.0,38.5,3.5,0,7.0,69.0,7.0,0.07142857142857142,5.311450536111674,1.0,0.0,0.0,4.0,0.34,Low
A-40de06,Company_369,Enterprise,Cybersecurity,US,event,28,2023-05-08,19.81,False,,325898,260718.0,34,798,37,3.0,0.0,40.33,4.0,0,10.0,104.0,11.0,0.01904761904761905,4.997726698661278,1.2,0.0,0.0,4.0,0.25,Low
A-cb5333,Company_370,Pro,DevTools,US,ads,33,2024-03-26,4.53,True,2024-08-11,138231,110585.0,35,657,28,4.0,0.0,30.75,3.0,0,8.0,75.0,7.0,0.05263157894736842,13.553787698883875,0.5,0.0,0.0,4.0,,
A-309e54,Company_371,Pro,DevTools,US,other,15,2024-12-09,0.16,True,2024-12-14,28549,22839.0,23,380,17,5.0,0.0,23.8,3.0,1,3.0,30.0,3.0,0.0,25.767494356659142,0.3333333333333333,0.0,0.0,4.0,,
A-6e7827,Company_372,Basic,DevTools,US,other,1,2023-03-26,5.81,True,2023-09-19,45565,36452.0,24,419,31,2.0,0.0,51.0,3.5,0,8.0,92.0,8.0,0.043010752688172046,13.500192826841497,1.25,0.0,0.0,4.0,,
A-50bb9f,Company_373,Pro,Cybersecurity,US,organic,2,2024-07-12,1.91,True,2024-09-08,63270,50616.0,18,267,14,7.0,0.0,33.29,4.0,1,1.0,10.0,1.0,0.0,3.4418815015829947,0.0,2.0,0.0,4.0,,
A-5fe118,Company_374,Enterprise,Cybersecurity,US,other,39,2024-11-07,1.28,True,2024-12-16,22290,17832.0,11,172,10,1.0,0.0,19.0,4.0,1,3.0,32.0,3.0,0.030303030303030304,14.027649769585254,0.0,0.0,0.0,4.0,,
A-f44180,Company_376,Pro,Cybersecurity,UK,event,9,2023-02-13,2.46,True,2023-04-29,324498,259598.0,19,395,16,2.0,0.0,46.5,5.0,1,1.0,13.0,1.0,0.0,3.7530349013657056,0.0,0.0,0.0,4.0,,
A-6965e1,Company_379,Basic,DevTools,US,organic,13,2024-11-25,0.23,True,2024-12-02,27765,22212.0,25,586,28,3.0,0.0,39.0,3.0,1,3.0,78.0,3.0,0.0,63.41666666666667,1.0,0.0,0.0,4.0,,
A-0354fe,Company_380,Basic,Cybersecurity,US,other,34,2024-10-22,0.79,True,2024-11-15,23528,18822.0,20,304,19,4.0,0.0,20.0,4.0,1,2.0,21.0,2.0,0.0,11.74210139603233,1.0,2.0,0.0,4.0,,
A-0a62f5,Company_381,Pro,FinTech,UK,partner,16,2024-09-11,0.53,True,2024-09-27,15981,12785.0,20,244,7,2.0,0.0,33.5,,1,2.0,42.0,2.0,0.0,27.529715762273902,0.3333333333333333,3.0,0.0,4.0,,
A-f5641b,Company_382,Pro,EdTech,US,other,31,2024-03-30,0.69,True,2024-04-20,149732,119786.0,25,404,16,4.0,1.0,47.5,3.0,1,7.0,82.0,7.0,0.024096385542168676,48.52410575427683,0.5,0.0,0.0,4.0,,
A-b44e3e,Company_383,Basic,Cybersecurity,UK,ads,40,2024-02-12,2.04,True,2024-04-14,335571,268457.0,20,356,11,3.0,0.0,40.0,4.33,1,4.0,44.0,4.0,0.044444444444444446,14.488965815664214,1.5,0.0,0.0,4.0,,
A-3b37d9,Company_384,Enterprise,FinTech,US,event,23,2023-01-27,10.94,True,2023-12-26,253713,202970.0,23,394,20,5.0,0.0,36.0,4.5,0,5.0,46.0,5.0,0.0851063829787234,3.8527404798591243,0.0,1.0,0.0,4.0,,
A-54d94a,Company_385,Basic,Cybersecurity,IN,event,27,2023-05-01,20.04,False,,95380,76304.0,29,513,26,4.0,0.0,53.75,3.5,0,4.0,39.0,3.0,0.0,1.8536631066142029,0.6666666666666666,0.0,0.0,4.0,0.09,Low
A-089363,Company_387,Basic,FinTech,AU,event,2,2023-05-06,6.73,True,2023-11-27,85847,68678.0,26,433,24,3.0,0.0,35.0,3.67,0,6.0,68.0,6.0,0.043478260869565216,8.791709140332994,0.16666666666666666,1.0,0.0,3.0,,
A-524364,Company_388,Enterprise,DevTools,FR,partner,3,2024-12-31,0.0,False,,9552,7642.0,14,145,10,3.0,0.0,47.67,4.33,1,0.0,0.0,0.0,0.0,0.0,0.0,0.0,0.0,4.0,0.65,Medium
A-756192,Company_390,Basic,FinTech,IN,other,19,2023-06-11,18.69,False,,135721,108577.0,32,530,34,3.0,0.0,37.33,4.0,0,3.0,30.0,3.0,0.0,1.523421860403043,1.0,0.0,0.0,4.0,0.08,Low
A-49b828,Company_391,Pro,FinTech,IN,ads,6,2023-05-05,19.91,False,,371596,297277.0,29,637,41,3.0,1.0,13.67,3.5,0,4.0,46.0,4.0,0.0,2.2001131292816294,0.25,0.0,0.0,4.0,0.14,Low
A-751c58,Company_393,Basic,FinTech,UK,organic,15,2024-07-18,2.0,True,2024-09-17,64936,51949.0,27,470,6,5.0,0.0,39.6,4.33,1,9.0,113.0,8.0,0.03508771929824561,37.617235345581804,0.6666666666666666,2.0,0.0,5.0,,
A-72799b,Company_394,Enterprise,DevTools,FR,event,20,2023-11-13,5.72,True,2024-05-05,139261,111409.0,28,473,24,2.0,1.0,33.5,4.5,0,4.0,33.0,4.0,0.029411764705882353,4.913519859127373,4.0,0.0,0.0,4.0,,
A-812c5b,Company_395,Basic,DevTools,CA,organic,55,2024-02-25,2.5,True,2024-05-11,103048,82438.0,29,589,34,4.0,0.0,27.0,4.0,1,9.0,99.0,9.0,0.04,28.31228861330327,1.0,0.0,0.0,4.0,,
A-69b156,Company_396,Pro,EdTech,US,other,7,2023-11-21,13.34,False,,119931,95945.0,24,351,20,7.0,0.0,32.0,4.0,0,2.0,20.0,2.0,0.09523809523809523,1.3949225552195033,2.0,0.0,0.0,4.0,0.15,Low
A-075038,Company_397,Basic,HealthTech,UK,ads,17,2023-05-12,15.83,True,2024-09-05,198083,158466.0,29,569,25,2.0,0.0,43.5,3.0,0,9.0,94.0,8.0,0.042105263157894736,5.583795176020607,4.0,0.0,0.0,4.0,,
A-940b8b,Company_398,Basic,HealthTech,DE,organic,1,2024-03-19,9.43,False,,81133,64906.0,15,181,19,3.0,0.0,41.33,4.0,0,0.0,0.0,0.0,0.0,0.0,0.0,0.0,0.0,4.0,0.25,Low
A-2d1036,Company_399,Pro,FinTech,US,ads,69,2024-06-14,4.17,True,2024-10-19,280071,224057.0,31,692,40,5.0,1.0,37.8,4.6,0,4.0,51.0,6.0,0.11538461538461539,9.860518292682926,1.5,1.0,1.0,5.0,,
A-9affe6,Company_401,Pro,Cybersecurity,US,other,7,2023-03-22,9.72,True,2024-01-12,123183,98546.0,26,473,16,3.0,0.0,58.0,3.0,0,9.0,87.0,9.0,0.045454545454545456,8.112608748927828,0.6666666666666666,0.0,0.0,4.0,,
A-80eeb6,Company_402,Enterprise,Cybersecurity,UK,organic,22,2023-05-09,5.35,True,2023-10-19,704311,563449.0,36,649,35,4.0,1.0,40.25,3.67,0,10.0,82.0,10.0,0.024096385542168676,12.903639371381306,1.75,0.0,0.0,4.0,,
A-d4e0d4,Company_403,Basic,FinTech,US,other,117,2024-10-18,2.43,False,,301626,241301.0,30,488,33,4.0,0.0,39.25,4.0,1,2.0,13.0,2.0,0.07142857142857142,3.788969743393336,0.5,0.0,0.0,4.0,0.45,Medium
A-c7e58b,Company_404,Pro,HealthTech,IN,other,3,2023-06-25,18.23,False,,48652,38922.0,21,307,14,5.0,0.0,30.6,3.5,0,2.0,19.0,2.0,0.05,0.9879065318393004,0.0,2.0,0.0,4.0,0.24,Low
A-bbe56f,Company_406,Enterprise,HealthTech,US,ads,21,2023-02-16,22.47,False,,87942,70354.0,10,168,8,4.0,0.0,26.25,4.0,0,3.0,22.0,3.0,0.13043478260869565,0.9373495325009799,0.3333333333333333,1.0,0.0,4.0,0.18,Low
A-7c5768,Company_407,Enterprise,HealthTech,UK,event,3,2024-03-02,9.99,False,,18291,14633.0,24,307,18,5.0,0.0,28.8,4.0,0,2.0,24.0,1.0,0.04,2.1844277000358807,0.5,1.0,0.0,4.0,0.39,Low
A-751bd4,Company_408,Pro,Cybersecurity,UK,partner,10,2024-07-12,2.37,True,2024-09-22,760,608.0,2,12,0,6.0,1.0,23.17,4.25,1,0.0,0.0,0.0,0.0,0.0,0.0,0.0,0.0,4.0,,
A-4e0e85,Company_409,Enterprise,DevTools,US,organic,6,2023-09-08,2.27,True,2023-11-16,38678,30942.0,11,122,0,2.0,0.0,53.0,5.0,1,2.0,18.0,2.0,0.0,5.51005631536605,0.5,0.0,0.0,4.0,,
A-ad3abd,Company_410,Pro,FinTech,US,event,44,2023-03-03,4.3,True,2023-07-12,267784,214227.0,19,269,11,3.0,0.0,13.0,3.0,0,4.0,37.0,4.0,0.10526315789473684,6.976461843409316,1.5,0.0,0.0,4.0,,
A-e19ff6,Company_411,Enterprise,Cybersecurity,UK,partner,1,2023-07-28,5.39,True,2024-01-08,29564,23651.0,20,256,13,3.0,0.0,30.67,4.67,0,5.0,45.0,5.0,0.043478260869565216,7.044846739354043,1.0,0.0,0.0,4.0,,
A-7920cc,Company_412,Pro,Cybersecurity,FR,ads,39,2023-11-23,13.27,False,,331245,264996.0,29,524,26,7.0,0.0,32.86,4.33,0,5.0,45.0,5.0,0.021739130434782608,3.153024583371697,1.0,0.0,0.0,4.0,0.21,Low
A-5a92e7,Company_413,Pro,HealthTech,US,ads,4,2024-06-11,0.23,True,2024-06-18,54333,43466.0,35,709,66,7.0,0.0,45.0,4.4,1,8.0,82.0,7.0,0.04819277108433735,66.66880341880342,2.0,1.0,0.0,3.0,,
A-fdfc91,Company_414,Basic,Cybersecurity,US,ads,29,2023-05-06,19.88,False,,132155,105724.0,30,513,21,5.0,0.0,28.8,3.67,0,2.0,20.0,2.0,0.0,0.9580762935918419,0.0,1.0,0.0,3.0,0.16,Low
A-1e1b80,Company_416,Enterprise,FinTech,CA,other,50,2023-09-12,0.72,True,2023-10-04,513361,410689.0,33,552,28,6.0,0.0,43.0,3.2,1,11.0,139.0,11.0,0.04285714285714286,80.68573607932876,1.2857142857142858,1.0,0.0,3.0,,
A-f6b2fb,Company_418,Basic,DevTools,AU,event,23,2024-04-23,2.6,True,2024-07-11,126892,101514.0,28,435,33,5.0,1.0,55.0,4.0,1,2.0,17.0,2.0,0.3888888888888889,4.72843567251462,2.0,0.0,0.0,4.0,,
A-d62e02,Company_420,Pro,Cybersecurity,US,partner,6,2024-08-20,4.37,False,,44721,35777.0,25,344,23,1.0,0.0,36.0,4.0,0,4.0,55.0,4.0,0.017857142857142856,10.243514439549681,1.5,0.0,0.0,4.0,0.55,Medium
A-39868b,Company_422,Pro,FinTech,AU,partner,9,2024-03-17,1.64,True,2024-05-06,31176,24941.0,17,230,21,6.0,0.0,39.0,4.25,1,0.0,0.0,0.0,0.0,0.0,0.0,1.0,0.0,4.0,,
A-3cc791,Company_423,Enterprise,EdTech,US,other,6,2024-01-10,11.7,False,,53554,42843.0,26,362,26,6.0,1.0,48.33,4.25,0,0.0,0.0,0.0,0.0,0.0,0.0,1.0,0.0,4.0,0.28,Low
A-58b9ff,Company_425,Enterprise,DevTools,IN,partner,2,2024-05-31,4.34,True,2024-10-10,88256,70605.0,28,604,31,2.0,1.0,66.0,4.0,0,7.0,73.0,6.0,0.04054054054054054,13.679635557744398,1.0,0.0,0.0,4.0,,
A-bf7919,Company_426,Pro,HealthTech,US,organic,3,2024-11-27,0.3,True,2024-12-06,1560,1248.0,13,143,8,2.0,0.0,14.5,5.0,1,2.0,31.0,2.0,0.25,23.925963488843813,0.5,2.0,0.0,4.0,,
A-1d5444,Company_427,Basic,Cybersecurity,US,partner,24,2024-01-18,4.43,True,2024-06-01,219011,175209.0,27,493,28,2.0,0.0,30.0,4.0,0,9.0,85.0,8.0,0.11627906976744186,15.639506769825918,0.42857142857142855,0.0,0.0,4.0,,
A-0f3e88,Company_428,Basic,HealthTech,US,other,7,2023-07-23,12.65,True,2024-08-11,56795,45436.0,29,551,24,3.0,0.0,48.0,4.5,0,5.0,61.0,5.0,0.04838709677419355,4.469574427113423,0.2,1.0,0.0,4.0,,
A-c16b88,Company_431,Enterprise,HealthTech,US,event,23,2023-12-02,5.98,True,2024-06-01,86737,69390.0,21,278,12,3.0,0.0,48.33,3.0,0,3.0,22.0,3.0,0.0,3.1523253624552816,0.0,1.0,0.0,3.0,,
A-1e6fc3,Company_434,Pro,EdTech,FR,other,1,2023-12-06,3.45,True,2024-03-20,2404,1923.0,11,110,6,5.0,0.0,23.8,3.67,0,1.0,12.0,1.0,0.0,2.6969875959834613,0.0,1.0,0.0,3.0,,
A-39ddf4,Company_435,Enterprise,EdTech,US,partner,40,2024-12-05,0.26,True,2024-12-13,35836,28669.0,27,455,36,5.0,0.0,23.0,4.25,1,2.0,22.0,2.0,0.0,17.42143600416233,0.0,1.0,0.0,4.0,,
A-34ea2f,Company_436,Enterprise,HealthTech,US,organic,8,2024-08-15,1.68,True,2024-10-05,29915,23932.0,26,390,23,8.0,0.0,35.25,3.8,1,4.0,83.0,4.0,0.0,31.02308447937132,1.0,1.0,0.0,4.0,,
A-716841,Company_437,Pro,FinTech,US,other,45,2024-05-06,6.27,True,2024-11-13,80362,64290.0,21,258,13,5.0,0.0,29.8,4.0,0,0.0,0.0,0.0,0.0,0.0,0.0,0.0,0.0,4.0,,
A-558c72,Company_438,Basic,FinTech,US,organic,12,2023-06-01,17.94,True,2024-11-28,71892,57514.0,19,296,16,4.0,1.0,64.25,4.5,0,4.0,45.0,4.0,0.06521739130434782,2.3763097633751995,0.25,0.0,0.0,4.0,,
A-cc1d8d,Company_440,Pro,FinTech,US,other,5,2024-12-08,0.3,True,2024-12-17,8947,7158.0,29,478,42,5.0,0.0,30.2,4.5,1,5.0,88.0,5.0,0.1797752808988764,67.91886409736308,0.5,0.0,0.0,4.0,,
A-7f4db3,Company_441,Pro,FinTech,US,other,4,2023-03-05,0.53,True,2023-03-21,180279,144223.0,36,618,39,5.0,1.0,16.6,3.25,1,7.0,62.0,7.0,0.047619047619047616,40.63910422049957,1.0,1.0,0.0,3.0,,
A-db5e9e,Company_442,Basic,DevTools,US,partner,4,2024-11-09,1.64,True,2024-12-29,10220,8176.0,25,414,27,2.0,0.0,66.0,5.0,1,2.0,20.0,2.0,0.0,7.568373943311786,0.5,0.0,0.0,4.0,,
A-cc102e,Company_443,Enterprise,HealthTech,US,partner,13,2024-04-15,0.33,True,2024-04-25,35465,28372.0,26,335,34,4.0,0.0,33.25,4.33,1,7.0,75.0,7.0,0.2236842105263158,56.454005934718104,0.6,3.0,0.0,4.333333333333333,,
A-82d8a6,Company_444,Basic,Cybersecurity,UK,ads,5,2024-11-28,1.02,True,2024-12-29,27966,22373.0,27,502,23,5.0,0.0,42.2,3.5,1,6.0,69.0,6.0,0.0,34.185546875,0.16666666666666666,2.0,0.0,3.0,,
A-dec005,Company_445,Pro,HealthTech,US,partner,21,2023-10-13,13.37,True,2024-11-23,185954,148763.0,30,384,33,2.0,0.0,59.0,3.0,0,5.0,45.0,4.0,0.06521739130434782,3.1314008778346745,0.2,0.0,0.0,4.0,,
A-7c83a1,Company_447,Pro,Cybersecurity,US,partner,12,2024-05-06,0.43,True,2024-05-19,104168,83334.0,28,508,17,4.0,0.0,42.0,4.0,1,5.0,51.0,4.0,0.019230769230769232,35.73756906077348,1.0,2.0,0.0,4.0,,
A-297a2d,Company_448,Pro,HealthTech,UK,event,27,2023-05-05,19.91,False,,148329,118663.0,20,205,21,2.0,0.0,32.5,3.0,0,0.0,0.0,0.0,0.0,0.0,0.0,0.0,0.0,4.0,0.1,Low
A-4c56c9,Company_449,Enterprise,FinTech,US,partner,9,2023-12-20,3.52,True,2024-04-05,107890,86312.0,33,558,32,5.0,0.0,38.6,3.75,0,5.0,65.0,5.0,0.045454545454545456,14.396100116414434,1.0,0.0,0.0,4.0,,
A-cbbe12,Company_450,Enterprise,Cybersecurity,DE,partner,40,2023-03-22,21.35,False,,60367,48294.0,9,84,6,6.0,0.0,38.0,4.25,0,1.0,16.0,2.0,0.0,0.7157721474340133,1.0,0.0,0.0,4.0,0.13,Low
A-4a267b,Company_451,Pro,FinTech,US,other,25,2024-05-05,1.41,True,2024-06-17,123958,99166.0,26,424,14,4.0,0.0,16.25,4.33,1,2.0,11.0,2.0,0.0,4.559368191721133,0.5,1.0,0.0,4.0,,
A-bcbe98,Company_452,Enterprise,Cybersecurity,US,other,46,2024-07-29,3.91,True,2024-11-25,68126,54501.0,31,488,33,7.0,1.0,38.29,4.0,0,7.0,63.0,6.0,0.09375,12.832708779443255,0.6,0.0,0.0,4.0,,
A-427b69,Company_453,Basic,FinTech,US,other,17,2024-08-23,4.27,False,,49155,39324.0,30,579,35,2.0,0.0,31.5,3.0,0,8.0,68.0,8.0,0.15942028985507245,12.901520817751184,1.25,0.0,0.0,4.0,0.54,Medium
A-0be015,Company_454,Pro,FinTech,US,event,19,2024-10-15,1.94,True,2024-12-13,2356,1885.0,12,179,8,7.0,1.0,40.29,4.2,1,3.0,30.0,3.0,0.0,10.210196779964223,0.0,2.0,1.0,4.0,,
A-054577,Company_455,Basic,EdTech,UK,ads,2,2024-04-28,8.11,False,,138922,111138.0,36,776,52,1.0,0.0,46.0,4.0,0,6.0,78.0,7.0,0.02531645569620253,8.55795847750865,0.75,0.0,0.0,4.0,0.47,Medium
A-bc87bc,Company_456,Pro,FinTech,US,event,3,2024-07-17,5.49,False,,23860,19088.0,22,351,11,7.0,0.0,40.57,3.75,0,4.0,53.0,4.0,0.0,8.171191247974068,0.6666666666666666,1.0,0.0,5.0,0.55,Medium
A-0f7d77,Company_457,Pro,FinTech,IN,partner,3,2024-10-28,2.1,False,,2979,2383.0,21,252,16,5.0,0.0,27.2,5.0,1,5.0,51.0,5.0,0.11538461538461539,16.438373570520966,0.5,0.0,0.0,4.0,0.79,High
A-e7beab,Company_458,Enterprise,EdTech,DE,organic,5,2023-10-20,6.18,True,2024-04-25,95345,76276.0,19,330,13,6.0,0.0,36.67,4.0,0,2.0,39.0,3.0,0.0,5.4347189159494596,0.5,0.0,0.0,4.0,,
A-a09355,Company_459,Basic,FinTech,US,organic,14,2024-08-10,1.12,True,2024-09-13,83314,66651.0,31,693,42,5.0,0.0,32.6,4.0,1,7.0,72.0,7.0,0.0547945205479452,34.011173184357546,1.25,0.0,0.0,4.0,,
A-31ab9a,Company_460,Pro,FinTech,DE,organic,3,2024-03-03,5.22,True,2024-08-09,57331,45865.0,17,271,18,7.0,0.0,43.14,3.5,0,3.0,34.0,3.0,0.22857142857142856,5.463260135135135,3.0,1.0,0.0,3.0,,
A-0158bb,Company_461,Basic,FinTech,DE,partner,5,2024-05-22,7.33,False,,9086,7269.0,15,260,14,1.0,0.0,32.0,3.0,0,3.0,25.0,3.0,0.0,3.002683080808081,1.0,0.0,0.0,4.0,0.31,Low
A-798a3f,Company_463,Enterprise,DevTools,FR,other,12,2023-10-19,9.0,True,2024-07-19,96072,76858.0,16,253,13,5.0,0.0,33.0,4.0,0,1.0,3.0,1.0,0.0,0.29996058336618053,0.0,0.0,0.0,4.0,,
A-42b791,Company_464,Pro,FinTech,AU,event,3,2024-05-20,7.39,False,,59084,47267.0,19,312,6,3.0,0.0,33.67,4.0,0,4.0,25.0,4.0,0.07692307692307693,2.9791731913560917,0.6666666666666666,0.0,0.0,4.0,0.36,Low
A-068fc6,Company_465,Enterprise,EdTech,US,event,35,2023-07-17,17.51,False,,168105,134484.0,31,557,26,5.0,0.0,38.8,4.33,0,6.0,73.0,6.0,0.02702702702702703,3.9438449524350423,2.5,0.0,0.0,4.0,0.17,Low
A-6f50ae,Company_466,Pro,FinTech,US,partner,19,2023-09-21,1.51,True,2023-11-06,165475,132380.0,33,699,39,5.0,0.0,31.0,4.5,1,4.0,41.0,4.0,0.047619047619047616,16.327053898482472,0.25,0.0,0.0,4.0,,
A-bb1eaa,Company_468,Basic,Cybersecurity,US,organic,21,2024-06-11,2.14,True,2024-08-15,51982,41586.0,15,164,7,6.0,0.0,23.5,4.5,1,0.0,0.0,0.0,0.0,0.0,0.0,0.0,0.0,4.0,,
A-cc98bc,Company_469,Basic,DevTools,US,ads,32,2023-05-24,19.28,False,,344283,275426.0,26,371,18,3.0,0.0,4.67,4.0,0,2.0,15.0,2.0,0.0,0.7395050531225706,0.5,0.0,0.0,4.0,0.08,Low
A-ccabf0,Company_471,Pro,HealthTech,IN,organic,1,2023-11-06,5.95,True,2024-05-05,293635,234908.0,29,464,29,4.0,0.0,46.25,3.67,0,7.0,70.0,7.0,0.07042253521126761,10.077563374952705,0.6,1.0,0.0,4.0,,
A-4a4c2d,Company_473,Enterprise,DevTools,US,event,54,2023-05-02,20.01,False,,418284,334627.0,25,485,24,5.0,0.0,42.0,4.25,0,4.0,38.0,4.0,0.05128205128205128,1.8089578381083447,0.25,1.0,0.0,5.0,0.16,Low
A-19b2c8,Company_476,Pro,DevTools,IN,other,20,2023-06-06,14.36,True,2024-08-16,271977,217582.0,30,570,33,3.0,0.0,29.33,4.67,0,7.0,65.0,7.0,0.030303030303030304,4.232842717781962,1.6666666666666667,0.0,0.0,4.0,,
A-970c97,Company_477,Enterprise,HealthTech,DE,other,14,2024-03-01,10.02,False,,98926,79141.0,26,444,24,1.0,0.0,61.0,5.0,0,5.0,46.0,5.0,0.14893617021276595,4.174338182685428,1.0,0.0,0.0,4.0,0.38,Low
A-5ed98d,Company_479,Basic,DevTools,US,partner,24,2024-06-22,3.19,True,2024-09-27,78794,63035.0,21,286,18,5.0,0.0,35.8,5.0,0,0.0,0.0,0.0,0.0,0.0,0.0,2.0,0.0,4.0,,
A-9c18c4,Company_481,Pro,HealthTech,US,ads,11,2023-07-27,17.18,False,,168649,134919.0,29,490,33,4.0,0.0,42.25,4.0,0,5.0,42.0,5.0,0.0,2.3100607111882048,0.5,1.0,0.0,3.0,0.26,Low
A-cc8c8f,Company_482,Enterprise,DevTools,US,ads,23,2024-06-16,2.89,True,2024-09-12,56668,45334.0,15,211,13,2.0,0.0,14.5,3.5,1,3.0,28.0,3.0,0.06896551724137931,7.196217494089835,1.0,0.0,0.0,4.0,,
A-5f7781,Company_483,Pro,DevTools,US,other,22,2024-08-20,4.17,True,2024-12-25,33396,26717.0,14,151,6,2.0,0.0,28.5,4.0,0,1.0,7.0,1.0,0.0,1.3534044715447153,0.0,0.0,0.0,4.0,,
A-e1b9cd,Company_484,Pro,DevTools,US,event,40,2023-02-26,19.15,True,2024-10-01,424348,339478.0,33,759,43,1.0,0.0,35.0,3.0,0,9.0,83.0,8.0,0.047619047619047616,4.118609806990089,1.5,0.0,0.0,4.0,,
A-ac85cd,Company_485,Enterprise,EdTech,US,partner,53,2024-07-31,2.66,True,2024-10-20,79641,63713.0,29,588,29,3.0,0.0,33.67,3.5,1,7.0,66.0,5.0,0.08955223880597014,18.027997128499642,3.0,0.0,0.0,4.0,,
A-d792a6,Company_486,Enterprise,DevTools,US,organic,4,2023-01-23,7.59,True,2023-09-11,215316,172253.0,29,534,24,5.0,0.0,40.6,4.0,0,9.0,100.0,9.0,0.0,11.643206854345166,0.6666666666666666,0.0,0.0,4.0,,
A-9f0b68,Company_489,Basic,EdTech,US,ads,10,2024-04-28,3.42,True,2024-08-10,125760,100608.0,35,661,31,3.0,0.0,30.33,3.0,0,14.0,151.0,12.0,0.046052631578947366,34.18952692650997,1.5,0.0,0.0,4.0,,
A-d3c88e,Company_490,Pro,DevTools,US,event,16,2024-10-18,1.02,True,2024-11-18,38087,30470.0,33,547,36,3.0,0.0,58.0,4.0,1,6.0,65.0,6.0,0.07575757575757576,32.20377604166667,0.16666666666666666,0.0,0.0,4.0,,
A-ccb686,Company_491,Basic,DevTools,US,other,10,2024-01-22,4.99,True,2024-06-22,117523,94018.0,33,567,34,1.0,0.0,67.0,4.0,0,12.0,181.0,10.0,0.12637362637362637,30.199736899802677,0.75,0.0,0.0,4.0,,
A-118f1c,Company_492,Pro,Cybersecurity,US,other,32,2024-10-31,1.54,True,2024-12-17,71264,57011.0,20,341,13,1.0,0.0,64.0,3.0,1,0.0,0.0,0.0,0.0,0.0,0.0,0.0,0.0,4.0,,
A-0e966d,Company_493,Basic,FinTech,IN,ads,11,2024-06-25,6.21,False,,53426,42741.0,30,602,34,3.0,1.0,31.67,4.5,0,7.0,65.0,7.0,0.030303030303030304,9.016587677725118,1.0,1.0,0.0,4.0,0.51,Medium
A-8ae3fc,Company_495,Pro,DevTools,CA,ads,9,2024-06-28,1.41,True,2024-08-10,18513,14810.0,24,365,26,4.0,0.0,39.5,3.5,1,0.0,0.0,0.0,0.0,0.0,0.0,0.0,0.0,4.0,,
A-55f257,Company_496,Basic,FinTech,US,organic,9,2023-12-21,12.35,False,,107620,86096.0,25,341,19,6.0,0.0,43.17,5.0,0,5.0,55.0,4.0,0.0,4.119181182954434,1.0,0.0,0.0,4.0,0.24,Low
A-d26ab4,Company_497,Basic,DevTools,UK,organic,9,2024-11-07,1.61,True,2024-12-26,22195,17756.0,13,239,12,2.0,0.0,49.5,4.0,1,2.0,17.0,2.0,0.0,6.514098690835851,0.5,0.0,0.0,4.0,,
A-712533,Company_498,Pro,EdTech,US,organic,18,2023-07-31,11.6,True,2024-07-18,116316,93053.0,28,467,32,5.0,0.0,37.4,3.75,0,1.0,15.0,1.0,0.0,1.1907990819945755,1.0,0.0,0.0,4.0,,
A-781cc0,Company_499,Pro,EdTech,US,organic,12,2024-09-04,1.25,True,2024-10-12,58803,47042.0,29,697,33,4.0,0.0,57.5,3.67,1,16.0,182.0,15.0,0.01092896174863388,80.947983635301,0.6363636363636364,1.0,0.0,5.0,,
